,a,b,Category
0,37.454011884736246,9.256646441930982,dis_a
1,95.07143064099162,27.095047368917907,dis_a
2,73.1993941811405,43.647291793820415,dis_a
3,59.86584841970366,36.61124432047806,dis_a
4,15.601864044243651,40.32805739307248,dis_a
5,15.599452033620263,32.93916833553587,dis_a
6,5.8083612168199465,34.613828225892625,dis_a
7,86.61761457749351,42.459782578265965,dis_a
8,60.11150117432088,12.483400442959296,dis_a
9,70.80725777960456,24.471248182157023,dis_a
10,2.0584494295802447,11.060472090980111,dis_a
11,96.99098521619943,49.38340039983235,dis_a
12,83.24426408004217,47.202966984330665,dis_a
13,21.233911067827616,1.971340568425295,dis_a
14,18.182496720710063,35.27875862578442,dis_a
15,18.34045098534338,46.26241587078329,dis_a
16,30.42422429595377,9.028767256366676,dis_a
17,52.475643163223786,28.397261527631475,dis_a
18,43.19450186421157,45.774414879402094,dis_a
19,29.122914019804192,1.697298929289942,dis_a
20,61.18528947223795,34.871013362342,dis_a
21,13.949386065204184,14.86745036862754,dis_a
22,29.21446485352181,46.21980976882652,dis_a
23,36.63618432936917,48.55291225826839,dis_a
24,45.6069984217036,47.213324455671696,dis_a
25,78.51759613930136,23.71071083287319,dis_a
26,19.96737821583597,43.10213254946567,dis_a
27,51.42344384136116,42.22746992675352,dis_a
28,59.24145688620425,15.955023662162782,dis_a
29,4.645041271999773,41.44577370753387,dis_a
30,60.75448519014384,1.850381735774631,dis_a
31,17.052412368729154,29.81349392410265,dis_a
32,6.505159298527952,11.500441864385152,dis_a
33,94.88855372533332,6.0283442888639405,dis_a
34,96.56320330745594,3.847660081460458,dis_a
35,80.83973481164611,34.81443879390699,dis_a
36,30.46137691733707,16.993748188403305,dis_a
37,9.767211400638388,36.23833857643808,dis_a
38,68.42330265121569,3.2678170399471185,dis_a
39,44.01524937396013,15.764516891530516,dis_a
40,12.203823484477883,26.974564618766863,dis_a
41,49.51769101112702,39.53615824194818,dis_a
42,3.43885211152184,15.937625146603496,dis_a
43,90.9320402078782,31.29456882185045,dis_a
44,25.87799816000169,44.29888741180935,dis_a
45,66.2522284353982,30.79315940911523,dis_a
46,31.171107608941096,11.647973737681689,dis_a
47,52.00680211778108,1.220039077826901,dis_a
48,54.67102793432797,43.50494369504649,dis_a
49,18.485445552552704,1.063470542519357,dis_a
50,96.95846277645586,43.73508363420997,dis_a
51,77.51328233611146,26.4468567013606,dis_a
52,93.9498941564189,46.95338492564481,dis_a
53,89.48273504276489,39.93916178868327,dis_a
54,59.78999788110851,49.89670552666687,dis_a
55,92.18742350231167,17.535590772585508,dis_a
56,8.84925020519195,38.35941444655634,dis_a
57,19.59828624191452,20.096545680462107,dis_a
58,4.522728891053807,23.99378101519544,dis_a
59,32.53303307632643,31.375273160918503,dis_a
60,38.8677289689482,43.68385570931694,dis_a
61,27.134903177389592,49.20417345996476,dis_a
62,82.87375091519293,38.41367069322591,dis_a
63,35.67533266935893,20.888339108366687,dis_a
64,28.093450968738075,21.06785011385351,dis_a
65,54.26960831582485,36.879115079444574,dis_a
66,14.092422497476264,11.938857288415116,dis_a
67,80.21969807540397,5.523705656569733,dis_a
68,7.455064367977082,17.731107882038827,dis_a
69,98.68869366005173,14.361949582704089,dis_a
70,77.22447692966574,14.815406022799504,dis_a
71,19.87156815341724,11.680387552495496,dis_a
72,0.5522117123602399,2.104659481818094,dis_a
73,81.54614284548342,0.8936967366706905,dis_a
74,70.68573438476172,49.386119486801576,dis_a
75,72.90071680409874,21.38865668679312,dis_a
76,77.12703466859458,19.216332357984083,dis_a
77,7.4044651734090365,33.982364134653494,dis_a
78,35.84657285442726,10.912694393253208,dis_a
79,11.586905952512971,47.49805919751127,dis_a
80,86.31034258755935,39.3172507207776,dis_a
81,62.329812682755794,4.470550115612975,dis_a
82,33.08980248526492,20.87903878924642,dis_a
83,6.355835028602364,43.95591537810824,dis_a
84,31.09823217156622,47.23660111457051,dis_a
85,32.518332202674706,23.370075562493486,dis_a
86,72.96061783380641,30.670569460535383,dis_a
87,63.75574713552131,8.35169730460376,dis_a
88,88.72127425763266,49.55843130684882,dis_a
89,47.22149251619493,11.58358506917217,dis_a
90,11.959424593830173,47.136588706756285,dis_a
91,71.3244787222995,32.482332449618426,dis_a
92,76.07850486168974,30.38683974394296,dis_a
93,56.12771975694962,25.63442555082543,dis_a
94,77.0967179954561,11.533490585887934,dis_a
95,49.37955963643908,8.826401600275414,dis_a
96,52.27328293819941,11.024310453508768,dis_a
97,42.75410183585496,9.321913107212726,dis_a
98,2.541912674409519,38.97922367833767,dis_a
99,10.789142699330444,17.506262958336507,dis_a
100,3.142918568673425,2.8921338281698183,dis_a
101,63.64104112637804,48.45513150704057,dis_a
102,31.435598107632668,44.18929424817129,dis_a
103,50.85706911647028,46.387614159760645,dis_a
104,90.7566473926093,49.74539113232176,dis_a
105,24.929222914887493,8.694762460974365,dis_a
106,41.038292303562976,19.812100945132936,dis_a
107,75.55511385430486,37.91192378520456,dis_a
108,22.879816549162246,34.80103090268961,dis_a
109,7.697990982879299,7.694795316992753,dis_a
110,28.9751452913768,40.79165624953089,dis_a
111,16.122128725400444,11.222028591833034,dis_a
112,92.96976523425732,11.190880741131156,dis_a
113,80.8120379564417,26.84872114467068,dis_a
114,63.34037565104234,29.64699674208516,dis_a
115,87.14605901877177,29.00431039189056,dis_a
116,80.36720768991145,4.574341869887744,dis_a
117,18.657005888603585,43.87304313151902,dis_a
118,89.25589984899777,13.280002129435305,dis_a
119,53.93422419156507,6.475746064140209,dis_a
120,80.74401551640625,44.43740399344886,dis_a
121,89.60912999234932,47.78257491148767,dis_a
122,31.800347497186387,43.10638086327253,dis_a
123,11.005192452767677,40.475803736243904,dis_a
124,22.793516254194166,32.76209903195109,dis_a
125,42.71077886262563,27.542868530456964,dis_a
126,81.80147659224932,4.349337995570507,dis_a
127,86.07305832563435,20.422660653534937,dis_a
128,0.6952130531190703,18.6344258506157,dis_a
129,51.07473025775657,12.98768918801631,dis_a
130,41.7411003148779,36.17100568442925,dis_a
131,22.210781047073024,24.79378675393854,dis_a
132,11.98653673336828,4.052310795382397,dis_a
133,33.7615171403628,11.009160097490566,dis_a
134,94.29097039125192,34.162938182979794,dis_a
135,32.320293202075526,3.8065429745150094,dis_a
136,51.87906217433661,42.56034570243843,dis_a
137,70.30189588951778,24.757326350698715,dis_a
138,36.3629602379294,24.0293288663324,dis_a
139,97.17820827209609,29.62038923297588,dis_a
140,96.24472949421111,41.234048296257455,dis_a
141,25.178229582536417,17.390460395109653,dis_a
142,49.72485058923854,33.90080762795318,dis_a
143,30.08783098167697,28.28659819978955,dis_a
144,28.48404943774676,13.351413508471063,dis_a
145,3.68869473545328,43.9314993177579,dis_a
146,60.95643339798968,39.871301080346406,dis_a
147,50.26790232288615,32.92259173292128,dis_a
148,5.147875124998935,42.52908645471209,dis_a
149,27.864646423661146,43.36471004799012,dis_a
150,90.82658859666536,35.41814883575174,dis_a
151,23.95618906669724,41.8506664181836,dis_a
152,14.48948720912231,34.87357308346418,dis_a
153,48.9452760277563,34.00703858801502,dis_a
154,98.56504541106008,30.930568910759217,dis_a
155,24.20552715115004,37.63583197788206,dis_a
156,67.21355474058785,7.930255264653685,dis_a
157,76.16196153287176,44.04353795994642,dis_a
158,23.763754399239968,43.5921763872616,dis_a
159,72.82163486118596,1.4623641517279573,dis_a
160,36.77831327192532,41.290837528238136,dis_a
161,63.23058305935795,6.44349337367226,dis_a
162,63.35297107608947,16.755942712957093,dis_a
163,53.57746840747585,37.17541281458039,dis_a
164,9.02897700544083,8.03799480241541,dis_a
165,83.5302495589238,40.89835120595311,dis_a
166,32.07800649717358,41.606708897887096,dis_a
167,18.651851039985424,25.37338668804181,dis_a
168,4.077514155476392,0.319293585841679,dis_a
169,59.08929431882418,14.35190665874564,dis_a
170,67.75643618422824,30.84634591878711,dis_a
171,1.6587828927856152,49.059308901371175,dis_a
172,51.2093058299281,31.59067635083342,dis_a
173,22.649577519793795,12.99017905320799,dis_a
174,64.51727904094498,31.70028515498057,dis_a
175,17.436642900499145,26.99926898579277,dis_a
176,69.09377381024659,38.99226975755718,dis_a
177,38.67353463005374,5.349031941347921,dis_a
178,93.67299887367344,38.0513951251014,dis_a
179,13.752094414599323,27.063328933805515,dis_a
180,34.10663510502585,48.14960019294973,dis_a
181,11.347352124058908,17.093608301934303,dis_a
182,92.46936182785628,31.631094656697407,dis_a
183,87.7339353380981,46.60140527550087,dis_a
184,25.79416277151556,5.125486399533963,dis_a
185,65.99840460341791,46.86142436182256,dis_a
186,81.72222002012158,34.394286115040664,dis_a
187,55.52008115994623,3.391852955258595,dis_a
188,52.965057835600646,15.048178347340812,dis_a
189,24.18522909004517,35.40860443226408,dis_a
190,9.310276780589922,3.367530073438585,dis_a
191,89.72157579533267,29.108523008813663,dis_a
192,90.04180571633304,17.294152847647837,dis_a
193,63.31014572732679,31.045775888373857,dis_a
194,33.90297910487007,2.2871016906256427,dis_a
195,34.92095746126609,43.576840307618816,dis_a
196,72.59556788702393,48.67444845886985,dis_a
197,89.71102599525771,48.44389276428458,dis_a
198,88.70864242651173,37.48259158714624,dis_a
199,77.98755458576238,6.504312006531599,dis_a
200,64.20316461542878,37.913159796451126,dis_a
201,8.413996499504883,1.2293458229400755,dis_a
202,16.162871409461378,1.1061775764498627,dis_a
203,89.85541885270793,16.18051095747706,dis_a
204,60.642905965959,24.432159520233288,dis_a
205,0.9197051616629648,38.52037089038966,dis_a
206,10.147154286603213,34.16476883032526,dis_a
207,66.35017691080559,22.295135318837417,dis_a
208,0.5061583846218687,13.681333314083291,dis_a
209,16.080805141749867,49.85622500788556,dis_a
210,54.87337893665861,21.30906511179865,dis_a
211,69.18951976926932,22.56935121648377,dis_a
212,65.19612595026005,8.181191059583458,dis_a
213,22.42693094605598,39.74047743749647,dis_a
214,71.2179221347536,34.68411128907443,dis_a
215,23.724908749680008,11.03848063943802,dis_a
216,32.539969815926774,4.119052280792134,dis_a
217,74.64914051180241,34.02496510373565,dis_a
218,64.96328990472146,32.72556071405676,dis_a
219,84.9223410494178,13.662976349910466,dis_a
220,65.76128923003434,47.54317811252052,dis_a
221,56.830860333547164,7.552894589045012,dis_a
222,9.367476782809248,21.61674005213009,dis_a
223,36.77158030594335,47.18079600837994,dis_a
224,26.520236768172545,20.986365846306114,dis_a
225,24.39896433790836,31.92629738320428,dis_a
226,97.30105547524455,19.879719898139715,dis_a
227,39.30977246667604,13.710760117433502,dis_a
228,89.20465551771133,49.19888239799141,dis_a
229,63.11386259972629,20.46670031575215,dis_a
230,79.48113035416485,44.70496018395672,dis_a
231,50.26370931051921,11.497730294554309,dis_a
232,57.69038846263591,10.655235201254165,dis_a
233,49.25176938188639,1.556704144225568,dis_a
234,19.52429877980445,32.58334126879425,dis_a
235,72.24521152615053,18.426317186188054,dis_a
236,28.07723624408558,43.21791249198185,dis_a
237,2.431596643145384,23.66049533457786,dis_a
238,64.54722959071678,48.40967139573608,dis_a
239,17.711067940704893,9.276275785156058,dis_a
240,94.04585843529144,43.43115839778054,dis_a
241,95.39285770025872,38.829842639587085,dis_a
242,91.48643902204483,38.5460922322026,dis_a
243,37.01587002554444,42.23916140584439,dis_a
244,1.5456616528867428,38.05119954714994,dis_a
245,92.83185625877252,31.31101608157077,dis_a
246,42.81841483173143,6.562243884119379,dis_a
247,96.66548190436696,1.6263089745625958,dis_a
248,96.36199770892529,46.04239239078434,dis_a
249,85.300945546736,30.832515726036902,dis_a
250,29.444889206958567,39.826864548808814,dis_a
251,38.50977286019253,24.076117575627503,dis_a
252,85.11366715168569,5.865409448119724,dis_a
253,31.692200515627768,6.259289610127522,dis_a
254,16.94927466860925,34.27826436144857,dis_a
255,55.68012624583501,21.515294744973133,dis_a
256,93.6154774160781,10.026236335016836,dis_a
257,69.6029796674973,24.579727337071844,dis_a
258,57.0061170089365,3.210446853756705,dis_a
259,9.717649377076851,29.09857009571994,dis_a
260,61.500722669916975,13.449670221754884,dis_a
261,99.00538501042632,39.87795503185941,dis_a
262,14.008401523652402,15.518097946178688,dis_a
263,51.83296523637368,22.76100745409006,dis_a
264,87.73730719279554,0.5810269954050318,dis_a
265,74.07686177542044,3.622344389727944,dis_a
266,69.7015740995268,19.62467782033424,dis_a
267,70.24840839871092,23.996941735856176,dis_a
268,35.94911512197552,30.001027405965186,dis_a
269,29.359184426449332,14.583128935465162,dis_a
270,80.93611554785136,34.74909430632713,dis_a
271,81.01133946791808,43.00611985946023,dis_a
272,86.70723185801037,38.99254944466749,dis_a
273,91.32405525564712,1.9809412674178573,dis_a
274,51.13423988609378,24.02534736289145,dis_a
275,50.15162946871996,5.246508920908743,dis_a
276,79.82951789667752,12.102250793126371,dis_a
277,64.99639307777652,49.333129663357326,dis_a
278,70.19668772577033,7.124777145075662,dis_a
279,79.57926694361011,24.9444076725678,dis_a
280,89.00053418175663,30.90778671590596,dis_a
281,33.79951568515358,35.1232485272052,dis_a
282,37.5582952639944,27.982434174345705,dis_a
283,9.3981939840869,0.4885423709591829,dis_a
284,57.8280140996174,16.323065412199593,dis_a
285,3.594227379674209,25.885582169235573,dis_a
286,46.55980181324602,4.393324957241668,dis_a
287,54.26446347075766,17.53134656045904,dis_a
288,28.65412521282844,1.6601554395683282,dis_a
289,59.08332605690107,3.928924857751037,dis_a
290,3.050024993904943,19.846163810079805,dis_a
291,3.7348188749214417,6.635787702153017,dis_a
292,82.26005606596583,28.37704241307791,dis_a
293,36.019064141126286,34.47324845686329,dis_a
294,12.706051265188478,40.02933495545415,dis_a
295,52.22432600548044,10.007512212240504,dis_a
296,76.99935530986109,8.374129112953488,dis_a
297,21.58210274968432,5.228392016720012,dis_a
298,62.28904758190003,31.821512477181837,dis_a
299,8.5347464993768,35.32378632434506,dis_a
300,5.16817211686077,1.579307241282102,dis_a
301,53.1354631568148,46.81061231218449,dis_a
302,54.06351216101065,2.5985641825736208,dis_a
303,63.742990149820656,27.06481676505352,dis_a
304,72.60913337226616,35.453025972545824,dis_a
305,97.58520794625346,43.54845618730428,dis_a
306,51.630034830119534,35.70434660662139,dis_a
307,32.2956472941246,40.08640415348959,dis_a
308,79.51861947687037,16.972509627140305,dis_a
309,27.083225126207424,40.74125568732561,dis_a
310,43.89714207056361,4.005742319233757,dis_a
311,7.845638134226595,44.74083280302638,dis_a
312,2.535074341545751,27.37961880768681,dis_a
313,96.26484146779252,40.864888498124685,dis_a
314,83.59801205122058,22.61591422591501,dis_a
315,69.59742060936979,32.178884759826246,dis_a
316,40.89529444142699,26.320133046805665,dis_a
317,17.329432007084577,36.579476087766594,dis_a
318,15.643704267108603,4.081499101529479,dis_a
319,25.02428981645953,3.01760419952819,dis_a
320,54.92266647061205,12.355161700507322,dis_a
321,71.45959227000624,7.977234005659417,dis_a
322,66.01973767177313,43.589178329610085,dis_a
323,27.993389694594285,10.960699367902215,dis_a
324,95.4865280663194,48.79326279095657,dis_a
325,73.78969166957685,16.844789588555344,dis_a
326,55.43540525114007,9.105895784434964,dis_a
327,61.17207462343522,39.48492535712396,dis_a
328,41.96000624277899,32.935388775043805,dis_a
329,24.773098950115745,24.90978582265695,dis_a
330,35.59726786512616,27.76817754688156,dis_a
331,75.78461104643691,35.96008891361319,dis_a
332,1.4393488629755868,11.422737066564936,dis_a
333,11.607264050691624,49.816695802837096,dis_a
334,4.600264202175275,48.73965810733915,dis_a
335,4.072880231897013,32.516284317346845,dis_a
336,85.54605840110072,9.977122546457256,dis_a
337,70.36578593800236,34.01141212156457,dis_a
338,47.41738290873252,3.609920448958792,dis_a
339,9.783416065100148,1.5326251102903032,dis_a
340,49.16158751168324,12.884144425560685,dis_a
341,47.34717707805657,23.131147836965816,dis_a
342,17.320186991001517,43.41362527041903,dis_a
343,43.385164923797305,36.3584534883154,dis_a
344,39.85047343973734,37.13532605999905,dis_a
345,61.585009805221645,21.27466672240377,dis_a
346,63.50936508676438,17.296749627348145,dis_a
347,4.530400977204452,18.551938149230136,dis_a
348,37.46126146264712,49.38247818680289,dis_a
349,62.58599157142364,2.005459570624124,dis_a
350,50.31362585800877,43.35157480612243,dis_a
351,85.64898411883223,28.93377042861967,dis_a
352,65.8693631618945,21.930770959479524,dis_a
353,16.29344270814297,36.26288302075682,dis_a
354,7.056874740042984,24.333447071235145,dis_a
355,64.24192782063156,43.67116190408303,dis_a
356,2.6511310541621813,45.035093200562926,dis_a
357,58.57755812734633,21.08604634367277,dis_a
358,94.02302414249576,13.841389861752578,dis_a
359,57.5474177875879,29.61751642966811,dis_a
360,38.816992620652194,45.61816728083455,dis_a
361,64.32882184423532,10.533109450283328,dis_a
362,45.825289049151664,31.148329178174137,dis_a
363,54.56167893159349,31.578011004626028,dis_a
364,94.14648087765252,36.65565112076405,dis_a
365,38.61026378007743,6.57838425636299,dis_a
366,96.11905638239142,35.79124823410443,dis_a
367,90.53506419560637,45.45162603328205,dis_a
368,19.57911347892964,8.984155443512098,dis_a
369,6.9361300875165455,11.877166246193882,dis_a
370,10.077800137742663,48.56975470208198,dis_a
371,1.8221825651549728,9.048847635474488,dis_a
372,9.44429607559284,42.71925466847895,dis_a
373,68.30067734163569,24.613892822401738,dis_a
374,7.118864846022898,12.361553720158852,dis_a
375,31.89756302937613,43.53749506362557,dis_a
376,84.48753109694546,22.265262750133274,dis_a
377,2.3271935735825866,25.74086769648451,dis_a
378,81.44684825889358,17.961668469988286,dis_a
379,28.185477477339997,29.64754257174637,dis_a
380,11.816482762165624,8.176193629251138,dis_a
381,69.67371653641507,19.554076832588034,dis_a
382,62.8942846779884,48.470616116764376,dis_a
383,87.74720135270529,12.906671635056377,dis_a
384,73.50710438038858,32.83683322706461,dis_a
385,80.34809303848486,16.259503211234744,dis_a
386,28.203457257130648,38.67365628433003,dis_a
387,17.743954377972283,6.543683035917491,dis_a
388,75.06147516408583,48.49105225392724,dis_a
389,80.6834739267264,22.68947706918196,dis_a
390,99.05051420006733,11.802523167323198,dis_a
391,41.26176769114265,3.6748373665006326,dis_a
392,37.20180857927832,8.487895254377037,dis_a
393,77.64129607419969,25.988697427800883,dis_a
394,34.08035402530179,16.850158821564314,dis_a
395,93.07573256035649,41.44416829413047,dis_a
396,85.84127518430118,21.544376183090296,dis_a
397,42.89940273750184,12.435713629381496,dis_a
398,75.08710677914974,30.8572493302015,dis_a
399,75.45428740846823,35.33886084427229,dis_a
400,10.31238688359326,8.352095395047494,dis_a
401,90.25529066795669,8.380960814415882,dis_a
402,50.525237244785714,1.8335713466771488,dis_a
403,82.64574661077417,36.82010075328203,dis_a
404,32.00496010306117,33.190226381090255,dis_a
405,89.55232284962005,23.731543787490693,dis_a
406,38.92016787341631,42.20852244845986,dis_a
407,1.083765148029836,40.28350764750266,dis_a
408,90.53819764192636,29.267718219837608,dis_a
409,9.128667678613356,43.41356402566293,dis_a
410,31.93136375904149,10.292060501838412,dis_a
411,95.0061967050805,5.595980969886394,dis_a
412,95.0607146937556,13.487480575849482,dis_a
413,57.34378881232861,2.854342804465743,dis_a
414,63.183721216979926,26.5584764000516,dis_a
415,44.84455219783198,46.83028461474808,dis_a
416,29.32107716980645,1.9671770334254823,dis_a
417,32.8664545369916,6.10549570050134,dis_a
418,67.25184560770384,22.609951414171764,dis_a
419,75.237452943768,46.69375087639524,dis_a
420,79.15790437258485,15.807805248837523,dis_a
421,78.96181427945538,25.361740434419623,dis_a
422,9.120610304869036,2.078642952519605,dis_a
423,49.44203047025815,7.417160048104443,dis_a
424,5.755876001664428,49.33150614794234,dis_a
425,54.95288823237355,48.25593482180228,dis_a
426,44.1530501373377,0.2469990467204807,dis_a
427,88.77041827582998,47.590589271161946,dis_a
428,35.09150125520787,31.95599689077502,dis_a
429,11.706701642760589,43.39591472600111,dis_a
430,14.299168205283586,22.736992781692955,dis_a
431,76.15106317174723,25.77980142896251,dis_a
432,61.82180633162611,24.44232901284601,dis_a
433,10.112267612279023,33.34321287730522,dis_a
434,8.410680611499743,6.982562737815645,dis_a
435,70.096913145912,1.4986794936338976,dis_a
436,7.276300636419353,15.396497079559545,dis_a
437,82.18600592903562,35.23403813683233,dis_a
438,70.62422271564962,10.09267260614742,dis_a
439,8.134878064189976,33.67162166624587,dis_a
440,8.483771408519193,48.49560230536352,dis_a
441,98.66395785011754,4.69503578947092,dis_a
442,37.427079575612034,33.630105911256315,dis_a
443,37.06421470668909,22.18751096522856,dis_a
444,81.27995672575025,43.40711271887527,dis_a
445,94.72485773838586,8.857489472369295,dis_a
446,98.6001063822871,34.63129761130823,dis_a
447,75.33781852589416,41.90576448240551,dis_a
448,37.62595855309158,47.23071097370117,dis_a
449,8.350071669866876,34.16240141448229,dis_a
450,77.71469159274368,24.858738200421364,dis_a
451,55.8404249735805,30.89236201006069,dis_a
452,42.42220092469763,43.44524922393591,dis_a
453,90.6354385094736,28.530487331941483,dis_a
454,11.119748230615134,1.519352984841843,dis_a
455,49.26251042908592,46.54743477534889,dis_a
456,1.1353644767419069,34.476337551578055,dis_a
457,46.86606419941263,33.82566928886233,dis_a
458,5.630327568183735,10.783757619885858,dis_a
459,11.881791626807193,32.94427351163286,dis_a
460,11.752624677710488,19.693220282707923,dis_a
461,64.92103021160635,32.561648852074605,dis_a
462,74.60448792654233,5.3296515153995365,dis_a
463,58.33687650971597,32.8922652301518,dis_a
464,96.2172548474542,49.97068628853333,dis_a
465,37.48705795237041,2.4106019430278014,dis_a
466,28.571208628186078,48.858709211065865,dis_a
467,86.85991281894603,20.34539803614353,dis_a
468,22.359583851945263,43.53767251686296,dis_a
469,96.32225394406112,39.11927420291367,dis_a
470,1.215447468981634,28.35081304933339,dis_a
471,96.98788267076392,36.92246046256633,dis_a
472,4.315991195057611,43.9257780650674,dis_a
473,89.11431136980711,20.20701608255165,dis_a
474,52.77011090862999,16.351658078161936,dis_a
475,99.29647961193004,33.37966927817924,dis_a
476,7.379656473539886,40.39229709706293,dis_a
477,55.38542844013208,38.11425673883079,dis_a
478,96.9302535619099,39.89068244293173,dis_a
479,52.30978441701488,21.77916574064665,dis_a
480,62.93986381352625,40.89171080875108,dis_a
481,69.57486889846172,6.010452768530422,dis_a
482,45.454106476777326,27.22445489804248,dis_a
483,62.75580800840635,0.2879330249060785,dis_a
484,58.43143119231002,16.229291495013516,dis_a
485,90.11580104909888,18.32307674356989,dis_a
486,4.544638034145788,19.80863458046277,dis_a
487,28.096318959223037,34.773360334493105,dis_a
488,95.04114840765588,19.427905063517287,dis_a
489,89.02637838909163,22.43468113112653,dis_a
490,45.56567527857129,11.877206543716373,dis_a
491,62.01325978015368,18.662589581467003,dis_a
492,27.738118298113267,11.363481363157574,dis_a
493,18.81211597237613,3.659796188422182,dis_a
494,46.36984049399822,30.17242966906889,dis_a
495,35.33522280260528,33.410639927750815,dis_a
496,58.3656111850872,30.974517300480723,dis_a
497,7.773463696498483,23.17470219002862,dis_a
498,97.43948076661664,18.98928900896149,dis_a
499,98.62107444796028,43.16668247859126,dis_a
500,69.81617140197451,25.954089256810903,dis_a
501,53.60963663441204,23.95909388148655,dis_a
502,30.95276162863277,1.2821032903217844,dis_a
503,81.37950197069486,17.06239138130782,dis_a
504,68.47311725538793,19.009780939292853,dis_a
505,16.26169393448913,19.941139044845023,dis_a
506,91.09271844938424,29.008618461366613,dis_a
507,82.2537242923169,26.68012733634392,dis_a
508,94.9799913291924,30.39525463967223,dis_a
509,72.571950838836,38.244163077106414,dis_a
510,61.34151959357899,40.64928693580468,dis_a
511,41.82430362906189,35.90615381132472,dis_a
512,93.27284833540132,47.77618479774674,dis_a
513,86.60638895004084,0.9116291338180816,dis_a
514,4.521867010618941,9.788899284177305,dis_a
515,2.6366974497252005,0.378143748907106,dis_a
516,37.64633668780496,32.37373570773015,dis_a
517,81.0553330781833,44.90152744749935,dis_a
518,98.72761293149443,12.174114828814965,dis_a
519,15.041689110352818,46.35172723981533,dis_a
520,59.41307153521351,3.0133695144780424,dis_a
521,38.08908566310215,46.72180134027572,dis_a
522,96.99143978146031,17.58113436198172,dis_a
523,84.21189231357087,5.071041422460826,dis_a
524,83.83287047111378,24.29358795931628,dis_a
525,46.86931597949703,12.838828386025398,dis_a
526,41.48195023376652,14.243645098096142,dis_a
527,27.340707193070624,15.364498246314328,dis_a
528,5.637549665092712,40.15129489163317,dis_a
529,86.47223762550531,26.95806383376273,dis_a
530,81.29010091300776,15.565384957800182,dis_a
531,99.97176732861304,30.51668916554592,dis_a
532,99.66368370739052,35.80753371115968,dis_a
533,55.543170560262745,13.631200036676688,dis_a
534,76.89874151805105,20.677455076267577,dis_a
535,94.4765729882428,6.0943046668473775,dis_a
536,84.96473906774115,9.057467476734017,dis_a
537,24.734810174319765,34.05589269824914,dis_a
538,45.05441353100935,9.071917384781347,dis_a
539,12.915941515149498,26.258169183353008,dis_a
540,95.40510272587224,35.452313086121634,dis_a
541,60.617463445088006,5.343846154737192,dis_a
542,22.864280550346272,28.365610981445176,dis_a
543,67.17006844058567,12.828139185068189,dis_a
544,61.81282404578958,48.14634376187899,dis_a
545,35.81627180328405,24.177282335996235,dis_a
546,11.355759219962902,40.29962748875791,dis_a
547,67.15731955927996,27.511327107813088,dis_a
548,52.03077009037933,2.170626642740958,dis_a
549,77.23183917356393,31.65756877970112,dis_a
550,52.01635011119934,47.57016711033285,dis_a
551,85.21815003185401,30.08059100731656,dis_a
552,55.19068387744856,40.95944297133951,dis_a
553,56.093797153538624,44.21032316742039,dis_a
554,87.66536026583451,11.403988597446624,dis_a
555,40.3482866212397,10.602241995411331,dis_a
556,13.401522845064074,30.549049442549585,dis_a
557,2.8782676313338973,20.551423490335235,dis_a
558,75.5137255673619,41.99306514333602,dis_a
559,62.03095513534647,45.00115616990056,dis_a
560,70.40797680992236,17.671068965135905,dis_a
561,21.296416150891076,11.843527948724104,dis_a
562,13.637147558676975,39.02627576219309,dis_a
563,1.4544665667881929,13.740301777406804,dis_a
564,35.058755880659696,41.13071592568392,dis_a
565,58.991768685463306,21.18691268243814,dis_a
566,39.22440450997323,33.37749496457352,dis_a
567,43.7474922023729,4.776765691733409,dis_a
568,90.41586944937484,31.19296623382865,dis_a
569,34.82554670233004,22.58838393686145,dis_a
570,51.39894891598108,29.330423158773705,dis_a
571,78.3653012741143,8.400710387243171,dis_a
572,39.65427823212701,36.843687247209104,dis_a
573,62.20867002278735,43.13985387716143,dis_a
574,86.23637087467452,10.836990004538782,dis_a
575,94.9520623657642,4.785727776008086,dis_a
576,14.707348092903793,1.1819293023168198,dis_a
577,92.65876251614944,32.0985750221633,dis_a
578,49.21162930795382,30.35470180443904,dis_a
579,25.82443882989584,27.334870635703503,dis_a
580,45.91357562382613,11.597354805798773,dis_a
581,98.0032575285477,19.54529979527573,dis_a
582,49.26180939928696,29.72381675930865,dis_a
583,32.875161028750824,24.83834294295847,dis_a
584,63.34008543167258,49.38927601074437,dis_a
585,24.014561877819308,6.8219876278366565,dis_a
586,7.586332810866391,34.75722770237969,dis_a
587,12.887972191064922,20.215938405214608,dis_a
588,12.804583895777244,21.409980746280738,dis_a
589,15.190269351229436,35.87988828290881,dis_a
590,13.882717264941014,34.62180756621848,dis_a
591,64.08747448032146,49.56279968510942,dis_a
592,18.188008439914483,6.419714472706262,dis_a
593,34.56672833238632,5.205482469208317,dis_a
594,89.67884099060119,36.216940856437056,dis_a
595,47.39616402628724,28.91934585032045,dis_a
596,66.75577385210272,13.708033327990291,dis_a
597,17.231987120162984,3.97096844944933,dis_a
598,19.22890188086708,4.282912479821527,dis_a
599,4.086861626647886,44.70954373320591,dis_a
600,16.893506307216455,9.593366235937143,dis_a
601,27.85903390319586,16.16857810577604,dis_a
602,17.70104842767468,11.3328201113494,dis_a
603,8.87025337570556,17.749815291596864,dis_a
604,12.06358711006008,3.4711921373046684,dis_a
605,46.077876803272574,25.95298954541352,dis_a
606,20.63337184057925,3.380628179610745,dis_a
607,36.42698610480755,40.01782539111808,dis_a
608,50.34172708548569,11.68560409552165,dis_a
609,69.03948286293652,27.00059573022553,dis_a
610,3.9312139841098936,44.00395437807291,dis_a
611,79.94103989090426,32.54386845235971,dis_a
612,62.79003894909078,26.64788932756677,dis_a
613,8.17590319488719,16.21668765576878,dis_a
614,87.35786241067773,16.650095652909897,dis_a
615,92.08724005318132,33.474347759909506,dis_a
616,6.107795985486375,49.706968061058376,dis_a
617,27.68776481472037,33.09195949246893,dis_a
618,80.62012797930613,27.88917086850125,dis_a
619,74.82596903836584,36.53252551196231,dis_a
620,18.45210193563773,23.26028061418591,dis_a
621,20.93493233367103,3.0071171300392607,dis_a
622,37.0472102791382,28.11484079389549,dis_a
623,48.45229851910213,47.88126422526901,dis_a
624,61.8254771530296,8.765147117882982,dis_a
625,36.89136395697725,34.50024454103329,dis_a
626,46.25347161331479,10.046684432952825,dis_a
627,74.74709381337566,26.791384223654063,dis_a
628,3.66832028905979,4.8338224823359806,dis_a
629,25.24369443440208,22.518546812909257,dis_a
630,71.33495858845524,37.80816644476231,dis_a
631,89.52068376871993,17.378576211949103,dis_a
632,51.16774421156661,33.2455862243609,dis_a
633,53.211348526531566,39.77249803948646,dis_a
634,10.717201133977603,46.35889097397264,dis_a
635,44.741236682345466,11.732104092772676,dis_a
636,53.26172664550232,19.965795790465407,dis_a
637,24.247050363472965,7.620800666520871,dis_a
638,26.924323094938096,49.62417510791876,dis_a
639,37.728416310462265,46.35004839621477,dis_a
640,2.007119777772637,26.99785651402798,dis_a
641,32.20791655831783,42.10166471882106,dis_a
642,21.144800699654464,26.04789886360211,dis_a
643,32.74973521779147,31.179284400137984,dis_a
644,11.976213181925122,4.456221605800831,dis_a
645,89.0527280739895,37.7635210248404,dis_a
646,59.35924535540487,6.3856741817617415,dis_a
647,67.91023191444896,41.303381512626416,dis_a
648,78.91712386073382,39.101404383519295,dis_a
649,49.84421989290573,35.43723488714882,dis_a
650,8.69202880874237,1.8080190262381055,dis_a
651,53.71065418185478,15.15641779726643,dis_a
652,58.68411180208791,13.155628495542144,dis_a
653,74.54394741843299,18.006820373575955,dis_a
654,43.16595462296794,4.382137338191927,dis_a
655,12.758030279556376,46.84789115155314,dis_a
656,28.377590579872447,27.690112035618814,dis_a
657,36.30822963986351,15.276215532901178,dis_a
658,64.59172413316013,19.84907585371417,dis_a
659,57.07783046689119,22.360127025241784,dis_a
660,35.60967258978462,30.029716668030865,dis_a
661,98.65152487929797,25.783971384824888,dis_a
662,60.57748193568872,45.96959866072087,dis_a
663,23.72267917359945,24.848174145291512,dis_a
664,10.178247262040374,49.60790074116564,dis_a
665,15.285913918433202,42.57124788725479,dis_a
666,24.595772838450813,10.42552571786679,dis_a
667,16.06813732595557,46.52976073219581,dis_a
668,18.656702405130577,5.818319894273804,dis_a
669,28.50951686938471,40.87248542455958,dis_a
670,17.33735952947548,19.031164673829004,dis_a
671,89.67654246264252,43.898716022253474,dis_a
672,8.023374566164222,43.40283450537252,dis_a
673,52.45113895702546,40.296270005881055,dis_a
674,41.03968269896615,39.50152181535307,dis_a
675,98.23786169086064,15.23395695490204,dis_a
676,11.203890216805236,4.045964152562609,dis_a
677,39.78555990457416,20.149008938258078,dis_a
678,96.94704332753687,8.676225749325434,dis_a
679,86.55071258939803,34.747554445123086,dis_a
680,81.707207094928,17.304986326889278,dis_a
681,25.790282704493983,48.78051004299574,dis_a
682,17.088758739006582,32.0486038672666,dis_a
683,66.8643219924431,41.124028181718046,dis_a
684,92.93759891275856,6.6262336370924215,dis_a
685,55.67628930139298,43.10072411363113,dis_a
686,57.16126894698999,46.13785952566972,dis_a
687,27.997909366028416,24.353095940946798,dis_a
688,76.94929331919369,30.312646887548876,dis_a
689,18.704374855752334,38.24049004514977,dis_a
690,32.367923640424365,8.741931363020628,dis_a
691,42.54364386164168,25.12830382317212,dis_a
692,50.7610378684455,19.933151388615656,dis_a
693,24.240973241508023,7.318699608112455,dis_a
694,11.483682473920354,18.37672111457657,dis_a
695,61.06200424416326,3.4086154692746784,dis_a
696,28.863055324025577,1.2905953474743492,dis_a
697,58.123822142261226,6.758314457741138,dis_a
698,15.436271527420232,48.15575557945869,dis_a
699,48.11401018548175,27.476476794750848,dis_a
700,53.25894325515858,48.291108057661,dis_a
701,5.182353682242691,21.6248939165066,dis_a
702,33.660427819392055,15.59080665426298,dis_a
703,13.441467693897424,25.307093142012206,dis_a
704,6.337497047276774,21.975584431645505,dis_a
705,98.99602323899452,5.283234213087196,dis_a
706,32.235384497472296,32.04131573451031,dis_a
707,80.98744458546349,10.80190912547998,dis_a
708,25.464065476376383,30.97939774489148,dis_a
709,68.15027222239293,32.51005461990767,dis_a
710,76.02278598896865,7.601242656432405,dis_a
711,59.56387406078443,3.067481355533408,dis_a
712,47.15761885501584,39.03807930342199,dis_a
713,41.18409141472685,22.99002118846601,dis_a
714,34.88682665429953,2.9081897752737893,dis_a
715,92.9529144247826,49.74331585848836,dis_a
716,83.06194077877291,2.889028049818332,dis_a
717,96.50269106665124,34.75176144292766,dis_a
718,12.429722348554472,49.18394626317068,dis_a
719,73.08674752036443,11.95900521079628,dis_a
720,93.83404568210378,7.112468434359808,dis_a
721,18.123306616566012,6.069246971121444,dis_a
722,6.6496267366777495,15.163757378379778,dis_a
723,74.11206492900591,5.052290550532335,dis_a
724,57.44731131799119,34.6080670847066,dis_a
725,84.1828776758272,3.1145899065031344,dis_a
726,13.97723766262895,25.471106407489486,dis_a
727,79.52673118598902,49.83484269264884,dis_a
728,20.16273200477445,40.69851347530094,dis_a
729,16.36559428657045,30.760971911550545,dis_a
730,16.426579793099293,15.312681039330585,dis_a
731,81.45747202313821,31.19479181458192,dis_a
732,66.51972206962002,26.35207319558258,dis_a
733,52.30654247691193,21.304169194518572,dis_a
734,35.88304841235025,6.535518837009974,dis_a
735,87.72005408131082,44.33021076202333,dis_a
736,39.244510742263536,22.489232441066125,dis_a
737,81.65994394715771,9.731125591038252,dis_a
738,43.91349085702184,18.38796754386448,dis_a
739,37.69444294249076,20.70648762644635,dis_a
740,46.26797856696064,41.37689477834371,dis_a
741,30.13778741641421,36.6807190280701,dis_a
742,74.76093801762511,38.46524468206699,dis_a
743,50.27203900924791,0.5515632214323607,dis_a
744,23.22126951468173,20.80769990898808,dis_a
745,89.95745732745685,24.06720758176618,dis_a
746,38.38912213732114,0.9596138411528344,dis_a
747,54.35528611139886,12.99066043725171,dis_a
748,90.6472110964547,38.01449115610675,dis_a
749,62.42379959139921,6.8554852864499525,dis_a
750,11.689804070836407,26.765506572629583,dis_a
751,93.98321236134753,10.760093600861875,dis_a
752,62.770805307141785,0.6060387321946636,dis_a
753,33.49056146570861,12.060072879977074,dis_a
754,13.927207266338726,48.79368774550269,dis_a
755,79.4025189270296,40.07685559414948,dis_a
756,62.00727559285135,47.97883221605167,dis_a
757,53.34610919763215,24.392702196318123,dis_a
758,89.38925830509577,5.486809933875176,dis_a
759,78.85972112245308,27.397974448684646,dis_a
760,15.16748797327512,22.718866727998044,dis_a
761,31.172206779554823,42.2178541369808,dis_a
762,24.84891398144657,4.904129039212229,dis_a
763,74.3946292572677,24.41205685108891,dis_a
764,3.353243473577938,7.502433234699213,dis_a
765,56.98896848713165,16.233796344503,dis_a
766,76.24586857406905,36.86785386938998,dis_a
767,87.67656367617495,23.800906468438328,dis_a
768,34.20817487159075,18.794414257288462,dis_a
769,82.12573046720128,19.72381392850177,dis_a
770,11.063173695520724,22.97233842029933,dis_a
771,84.64522917345182,39.25082719185284,dis_a
772,12.748866233198244,44.60423444701172,dis_a
773,39.72872905603673,47.76673432519642,dis_a
774,79.72953657795536,39.34516931276475,dis_a
775,14.991742734877375,15.770344787400637,dis_a
776,22.92513952326415,34.40673530432711,dis_a
777,72.22525683930662,21.8801562027696,dis_a
778,72.00365365460743,12.73353110230256,dis_a
779,64.11476328852973,42.04357897129613,dis_a
780,69.39484444671,1.9213174481162496,dis_a
781,54.27244433475962,45.08809960677117,dis_a
782,25.179905890695277,23.073873231236707,dis_a
783,34.56959935039195,31.86007384041402,dis_a
784,18.159771680142565,32.96769611028913,dis_a
785,90.84505613336285,44.75588703532682,dis_a
786,58.339179476612046,31.833484108360366,dis_a
787,40.08514167636399,30.69667923800309,dis_a
788,46.20058036441327,3.332602028034498,dis_a
789,94.72833396118152,25.920401097260203,dis_a
790,15.33514031160802,7.508450040852082,dis_a
791,58.62298320167972,36.87168843607428,dis_a
792,50.5888678884466,25.61109604063373,dis_a
793,61.14542354346478,34.01138896041766,dis_a
794,1.8110183820840509,2.083645030119213,dis_a
795,87.21239089441515,4.239600802290161,dis_a
796,93.21182824836124,35.81616940313411,dis_a
797,56.51331835892089,3.604216799933668,dis_a
798,69.66508238768922,3.56283638826293,dis_a
799,92.24993811772956,0.6054237617443725,dis_a
800,70.72386343133986,47.82506991497401,dis_a
801,15.253904291426135,36.875417972950345,dis_a
802,57.62883601668132,17.66257042510321,dis_a
803,60.67150463828559,14.82677906438276,dis_a
804,42.4130671302386,17.485161487292476,dis_a
805,73.64442356247228,38.73267655905909,dis_a
806,93.43670147690148,33.06853055352072,dis_a
807,92.55685129067764,9.259778393373397,dis_a
808,45.08393714041321,8.705466766704218,dis_a
809,11.323804584075525,4.919782485669866,dis_a
810,98.48411989623344,33.015135985066905,dis_a
811,83.88980864459342,38.2186331110868,dis_a
812,12.466268120326683,13.2523214162502,dis_a
813,92.08418826173724,1.0472480515456406,dis_a
814,86.98963620621282,4.108583373821367,dis_a
815,51.88380571260721,48.39300174225152,dis_a
816,59.127543574492925,14.772238873871013,dis_a
817,39.90027038701302,38.46115739190668,dis_a
818,5.476163882203133,31.23317844271319,dis_a
819,33.519724164590095,19.096981982644795,dis_a
820,80.28534485980114,10.284363109777756,dis_a
821,0.4632023004602859,6.069320907970321,dis_a
822,33.34991716911442,30.75064840194333,dis_a
823,39.81686935909433,38.7316890318894,dis_a
824,53.73956029379229,32.19521267705653,dis_a
825,91.98556164127604,26.51510666245792,dis_a
826,34.634599436596126,2.097561171581813,dis_a
827,34.69532018962277,48.42443887971919,dis_a
828,73.75012481097484,39.93570958272873,dis_a
829,45.22179408898072,14.641101835048238,dis_a
830,22.4604822939982,48.99851646794253,dis_a
831,45.24395161326934,30.094079481816102,dis_a
832,14.085702037979985,29.121132910362324,dis_a
833,17.63869865062233,37.4036589714766,dis_a
834,49.83677727394797,40.58848940450688,dis_a
835,41.89254495045479,32.823930366575134,dis_a
836,91.48459010681,6.404787318310001,dis_a
837,36.23938991166331,16.91337529972492,dis_a
838,58.05883502780434,46.404182016302485,dis_a
839,63.22642879195304,11.230780592192597,dis_a
840,1.3094456588333636,18.608351191875663,dis_a
841,66.35373720167107,21.6038441472098,dis_a
842,17.803596686975144,21.970249484722608,dis_a
843,96.10703174694552,30.64697912472628,dis_a
844,14.866272775311296,47.15379188723538,dis_a
845,41.46241237270237,12.034635591625248,dis_a
846,8.534966807864386,6.075068815045903,dis_a
847,99.68742518459472,9.873524492996866,dis_a
848,50.21950103312426,44.34624501046348,dis_a
849,59.53850173200438,32.2905406327603,dis_a
850,6.7076477388427485,14.295339461958006,dis_a
851,74.99604703991778,40.797346948430864,dis_a
852,20.990559309558577,43.0684998181718,dis_a
853,89.80542894407138,42.3257169345139,dis_a
854,20.51396404820072,45.94632668197772,dis_a
855,19.068772066366652,12.61205100866808,dis_a
856,3.654966784809488,37.75209643731392,dis_a
857,47.20669451099992,23.026974863707,dis_a
858,56.48411332626164,42.09992764450308,dis_a
859,6.570863942835237,36.42453385808066,dis_a
860,77.55276166950105,38.82237232498623,dis_a
861,45.32888347480276,32.808091884053574,dis_a
862,52.439026932758,8.871438473485343,dis_a
863,44.07627469382282,27.25134594484692,dis_a
864,40.0763060875326,49.23348697622541,dis_a
865,55.96403313082179,46.869403324855945,dis_a
866,15.52402459307125,2.1586867898505835,dis_a
867,18.19281304952711,8.240740786471857,dis_a
868,86.17856210135173,6.586438672728096,dis_a
869,94.61154621336328,36.29899549926478,dis_a
870,37.330931627975296,40.889266492847256,dis_a
871,27.074467314355378,10.675568315533596,dis_a
872,64.39995432390158,25.29263464759145,dis_a
873,40.87341710980964,42.03515140056,dis_a
874,2.538635566034486,36.64007723831253,dis_a
875,15.615259736619036,27.111860274592413,dis_a
876,71.59722288473975,29.517384522938645,dis_a
877,65.89239419101514,25.418027345814,dis_a
878,2.709599250348349,14.877422565941028,dis_a
879,22.197216193294945,28.251099642950805,dis_a
880,23.10747965880714,34.44426510250453,dis_a
881,67.18927435987284,43.66614579304039,dis_a
882,1.9710537754364157,31.814567698962403,dis_a
883,10.410858198457383,38.0560768521579,dis_a
884,79.99160853731894,8.00358174772865,dis_a
885,17.85446620543336,23.07787372098949,dis_a
886,65.27461078518748,0.4665809913546648,dis_a
887,23.81827810467265,12.333943226081152,dis_a
888,9.944139275934516,36.32308575565024,dis_a
889,24.317219099945408,49.59049756746817,dis_a
890,72.22669318556592,4.958904979360796,dis_a
891,85.56964681062857,20.074715793064414,dis_a
892,83.02198645669915,40.00354843495798,dis_a
893,39.71835296184548,10.201781731444942,dis_a
894,66.80851365706462,27.75424746511431,dis_a
895,20.498429541582095,36.65356480148374,dis_a
896,29.314773026101328,30.79927251300895,dis_a
897,89.63358185211197,9.401236730770806,dis_a
898,1.3001923510736035,17.769228434286973,dis_a
899,8.550853085446807,39.18958922426986,dis_a
900,20.78862551460273,27.71132570660083,dis_a
901,2.6532203873819715,0.2614806771456368,dis_a
902,18.14354350897973,38.04953800140469,dis_a
903,58.304156096969216,1.7655677470119535,dis_a
904,42.1424550592498,37.286689136561606,dis_a
905,89.26717110769748,10.12402800826187,dis_a
906,81.7443561738441,47.90367400596901,dis_a
907,34.1817351697876,18.397037565104224,dis_a
908,25.94234334312925,16.346580816903955,dis_a
909,37.96924081672669,7.444402516622234,dis_a
910,59.02949425148078,15.280210774510744,dis_a
911,26.806364082287622,43.83253809141003,dis_a
912,62.4148907849134,49.81671688136237,dis_a
913,40.941165219124045,18.415476525342417,dis_a
914,55.20471808519802,22.430531547727128,dis_a
915,43.61265291353167,36.10354691013685,dis_a
916,29.44657595419177,44.30978902325373,dis_a
917,94.84533069621568,29.652216709339207,dis_a
918,76.36057941597608,19.576284908891463,dis_a
919,14.011317576645254,20.631092042431188,dis_a
920,86.84679758979128,34.78090732484034,dis_a
921,48.74311982495136,0.160913180213934,dis_a
922,89.45522268940914,30.979466872992035,dis_a
923,79.98552559473153,17.77465052206787,dis_a
924,42.52135044692334,39.70986656385421,dis_a
925,2.24693083201174,4.649531991156608,dis_a
926,26.867735938494608,29.410113347419525,dis_a
927,54.16342146608669,24.04864449430619,dis_a
928,63.347821982614725,32.11627629526137,dis_a
929,25.788768543320227,3.242679724148417,dis_a
930,13.935607407282411,28.999189371406565,dis_a
931,83.4930236799299,28.074229397976183,dis_a
932,98.4402180703552,28.033004720808545,dis_a
933,52.56901823026858,30.17438332982274,dis_a
934,17.16792858483035,33.82339686131811,dis_a
935,27.230732651936897,40.249449984038485,dis_a
936,1.839067654746673,13.491036006410717,dis_a
937,91.4298806560499,41.2524705090031,dis_a
938,11.775108289014112,24.91278411317268,dis_a
939,57.65164755142536,3.8529139567165593,dis_a
940,27.4055220687206,2.92754646219896,dis_a
941,55.417800251579344,16.71191593480304,dis_a
942,65.14203883518643,39.24484885557338,dis_a
943,82.97418037072016,35.384046737045786,dis_a
944,20.64212717606032,39.43074823362032,dis_a
945,1.0995828658480478,25.86345282208047,dis_a
946,13.688563006880727,22.00994989777453,dis_a
947,90.00186418481051,7.372626335314197,dis_a
948,87.38900775625153,16.40963768046558,dis_a
949,59.74131021703083,21.700968308693763,dis_a
950,60.051686043365336,4.430021483980862,dis_a
951,66.50366745462554,11.030597635560564,dis_a
952,17.53712786234496,29.91126470318694,dis_a
953,91.44119459249598,36.783155711959495,dis_a
954,41.87705248920731,49.91737556964748,dis_a
955,38.31385282494975,46.65566656717788,dis_a
956,51.89177052828376,32.12825997675958,dis_a
957,4.696596677505505,21.0624026647036,dis_a
958,16.628336875607943,31.80886823541164,dis_a
959,73.80336164263704,39.2825809040116,dis_a
960,8.279866792512646,5.916809546169366,dis_a
961,60.31521094663882,20.49524448481441,dis_a
962,24.534910968132092,41.99011428178086,dis_a
963,38.929561404197656,19.1916475966522,dis_a
964,28.869373677069987,28.593613561359327,dis_a
965,35.56727164649492,29.38846804310991,dis_a
966,71.90459051842456,9.223812656681968,dis_a
967,29.7121715623175,18.11177208261442,dis_a
968,56.64046402968972,16.725564437096608,dis_a
969,47.60504021990997,1.3098354266032397,dis_a
970,66.36711653626482,1.2095881945677622,dis_a
971,93.6829739324758,41.58485218378868,dis_a
972,73.25720972102503,13.65354049864062,dis_a
973,21.494037859075675,25.90393831194077,dis_a
974,3.1183135061284672,14.936278679438653,dis_a
975,26.22640442998251,47.03396225576702,dis_a
976,59.507793070025485,12.964837943288687,dis_a
977,5.142581348425034,21.482840636946754,dis_a
978,49.63662472012364,43.63651252423009,dis_a
979,59.68428489168892,42.09667833959043,dis_a
980,33.424389081696084,9.305070892313866,dis_a
981,77.09122037458219,40.13216548978552,dis_a
982,10.65982531337718,22.909344336894637,dis_a
983,7.513778173580876,24.14844360426776,dis_a
984,72.81887562036033,6.673998620797189,dis_a
985,49.549131620619846,4.0300756878562325,dis_a
986,68.84023964277361,36.39696534868826,dis_a
987,43.48273386037462,24.823057617764988,dis_a
988,24.640203323910683,21.84253513075898,dis_a
989,81.91023176741997,36.47541143261984,dis_a
990,79.94158789689793,38.275644949555485,dis_a
991,69.46964708544267,7.945408383467678,dis_a
992,27.21451372299627,30.511257473882065,dis_a
993,59.02306668690871,6.767704113884276,dis_a
994,36.09738969400268,37.56875430145229,dis_a
995,9.158207332663416,32.84775781335698,dis_a
996,91.73135754622427,47.8307310541729,dis_a
997,13.68186309189614,3.447900817821059,dis_a
998,95.02373538208025,2.852736057562716,dis_a
999,44.60057729579557,14.109353734660008,dis_a
1000,26.1705683735906,33.6351497104449,dis_b
1001,24.697879907199983,39.834069859568615,dis_b
1002,90.62545805210368,12.523394939624948,dis_b
1003,24.95461998495061,31.243704980349943,dis_b
1004,27.1949726128631,28.587299157187434,dis_b
1005,75.93982624179637,41.64151883941356,dis_b
1006,44.973984245054,45.30435302406303,dis_b
1007,77.67105569551812,0.6078385738693404,dis_b
1008,6.536615756438524,33.700995952939635,dis_b
1009,48.75711936733843,2.5917899559864512,dis_b
1010,3.3613600183282637,27.4429332538678,dis_b
1011,6.265320345535452,14.38163645218391,dis_b
1012,90.64374533444108,15.33882997610706,dis_b
1013,13.924537111759516,17.64792517261783,dis_b
1014,53.24206822752171,31.064622452480503,dis_b
1015,41.10956026007065,16.70249828343846,dis_b
1016,34.73433262588427,36.63495252951402,dis_b
1017,89.98333456872724,20.22636927869349,dis_b
1018,2.18233967754895,3.41766001549793,dis_b
1019,66.37896861755891,39.187992124205365,dis_b
1020,96.33944342135504,14.2879162296353,dis_b
1021,56.0168183461842,21.63834397996313,dis_b
1022,93.68224620330918,34.27219416109508,dis_b
1023,5.225787928602377,16.6228078574356,dis_b
1024,41.87933190741614,2.8292828073357814,dis_b
1025,26.015779096205115,18.69605235064068,dis_b
1026,73.08209649807299,47.22242913471517,dis_b
1027,98.12970904972468,32.08671986492791,dis_b
1028,25.65300624442478,33.57395743336035,dis_b
1029,65.41746014740745,31.614107681881997,dis_b
1030,19.809763275974014,9.94960694797184,dis_b
1031,56.53302545716099,20.916693205114008,dis_b
1032,46.39324866883362,37.54698991816591,dis_b
1033,97.2005329631537,5.068644877657958,dis_b
1034,60.85272726964666,13.892638804485614,dis_b
1035,34.95063720868188,13.815955423292682,dis_b
1036,11.409578488793336,21.6009463797253,dis_b
1037,15.124682873493455,49.01843704710925,dis_b
1038,22.53169299512351,3.375127334191097,dis_b
1039,25.0966661340298,25.935049719029752,dis_b
1040,85.06160578411378,8.968234100610523,dis_b
1041,56.12227882825249,48.53382727048721,dis_b
1042,52.33909113743665,5.66517523637321,dis_b
1043,11.476887186921749,20.180050118079564,dis_b
1044,86.0139693349435,36.89424924173031,dis_b
1045,72.28143032084837,35.227721401372264,dis_b
1046,6.766836190000158,21.136431844696613,dis_b
1047,70.78350972297687,17.326208397635913,dis_b
1048,54.353821734264606,19.88061892764353,dis_b
1049,8.172534574677826,13.213813157931964,dis_b
1050,45.830064152865646,10.26664693533999,dis_b
1051,48.469628713004695,24.1519848779445,dis_b
1052,16.577454016327575,13.426687803380366,dis_b
1053,94.56981470002825,14.373083244862508,dis_b
1054,84.99753714806619,32.837803173727856,dis_b
1055,66.90223373291083,48.42686658499461,dis_b
1056,46.22955610006072,30.181860027968757,dis_b
1057,41.17655415845085,3.848973353248314,dis_b
1058,65.09734671509541,3.779180692703349,dis_b
1059,54.54318694069055,47.5711610422783,dis_b
1060,6.227310588188562,14.86453951536668,dis_b
1061,51.25026487703317,4.603349304123771,dis_b
1062,80.64036172328395,29.95222935751908,dis_b
1063,45.923987759695805,31.182438914513305,dis_b
1064,5.195657755426842,32.42524100593441,dis_b
1065,78.6278199384033,13.370101392877064,dis_b
1066,20.13637821359744,0.7555342107237517,dis_b
1067,25.86208348880388,48.25076847272359,dis_b
1068,16.47063534322959,12.544652284555124,dis_b
1069,33.02150648714976,33.801314402627376,dis_b
1070,75.6751505688635,35.33149349393548,dis_b
1071,51.93858595039374,30.500370853974285,dis_b
1072,20.48812741507125,15.645369710682411,dis_b
1073,87.78300781520409,13.554812688203288,dis_b
1074,87.95818549515292,29.883414135135155,dis_b
1075,87.05784250460069,43.304781680584576,dis_b
1076,23.87962113815393,47.33668644616978,dis_b
1077,45.12393441809881,5.295290220187882,dis_b
1078,98.49896561408752,7.741430629885992,dis_b
1079,77.20124763099903,47.23681293915399,dis_b
1080,2.716742122555982,36.82676141673963,dis_b
1081,6.5204591260492055,44.149691241488654,dis_b
1082,46.39313768123328,10.131631706767156,dis_b
1083,90.922020586156,29.37929355547009,dis_b
1084,53.87017979527143,35.056979720873684,dis_b
1085,49.78125080342903,34.00559427234863,dis_b
1086,10.547369995663058,20.407584543334902,dis_b
1087,65.6780104724294,0.7697445845654238,dis_b
1088,82.21031606002255,29.14630284021316,dis_b
1089,38.04200075075623,12.655076958980436,dis_b
1090,77.56118509253275,22.51271230714452,dis_b
1091,96.44766539008116,47.879050754190864,dis_b
1092,20.376645912768907,19.951765882121737,dis_b
1093,52.33296311947413,41.990080333221336,dis_b
1094,28.713795808457554,9.427030287462555,dis_b
1095,79.28544190338394,33.62302490125144,dis_b
1096,57.75933658811575,48.85034772194717,dis_b
1097,63.45824175503038,5.094655043646839,dis_b
1098,79.79141596158941,0.4159971113596006,dis_b
1099,39.59704726624549,21.67913963163072,dis_b
1100,91.50900684070432,4.63127415256836,dis_b
1101,53.302886724614,37.419217483811565,dis_b
1102,15.7954822835348,45.727433192427945,dis_b
1103,69.58991181688025,21.701048635437942,dis_b
1104,79.32613504382545,12.935582107772047,dis_b
1105,31.67616770675267,21.72016595033049,dis_b
1106,85.7179256998753,36.17239089250005,dis_b
1107,90.61432547657664,0.4527080790185489,dis_b
1108,27.69044873778089,29.472699474234854,dis_b
1109,98.3521472715222,30.664584244368957,dis_b
1110,14.071152804875842,31.884412344796772,dis_b
1111,20.201566840249,12.10110399904386,dis_b
1112,18.422483923802613,35.70263616890634,dis_b
1113,89.39897100078704,4.56957431658882,dis_b
1114,65.42925523249619,9.96351682334004,dis_b
1115,15.210428322227289,43.873502332724094,dis_b
1116,44.032341836834895,36.93615753632832,dis_b
1117,61.52980250698021,0.6872777005672626,dis_b
1118,8.34640849893833,12.41881301849001,dis_b
1119,88.24163684073388,10.720324149658229,dis_b
1120,80.36035354415351,13.540316401848628,dis_b
1121,50.52067735766382,12.37798851399432,dis_b
1122,96.71266152591704,3.126314787142287,dis_b
1123,41.77609792750997,22.947025829841017,dis_b
1124,98.4110319036498,36.63667373930826,dis_b
1125,66.79199988036271,30.33658623587182,dis_b
1126,63.46712732539415,33.64358342990399,dis_b
1127,16.5954895295785,4.057458926811957,dis_b
1128,88.1927758304644,47.57453550883936,dis_b
1129,42.74896879206152,41.92459169215124,dis_b
1130,16.223340578247935,40.254515924783135,dis_b
1131,1.260751997575904,41.14919025208837,dis_b
1132,55.975568363838256,46.63552540663807,dis_b
1133,52.73996221226764,27.212698305684885,dis_b
1134,71.93536223691585,10.014100893381295,dis_b
1135,89.02580530178021,30.839180392627057,dis_b
1136,7.940658464302952,37.14407468339695,dis_b
1137,73.14964903403623,36.89586966770127,dis_b
1138,18.741194409758226,26.07245120834401,dis_b
1139,85.8177053157164,3.422935966678903,dis_b
1140,81.90635138616561,18.55564692150639,dis_b
1141,54.07937549855444,46.03833042316786,dis_b
1142,71.02427986233116,29.2224454878713,dis_b
1143,31.43501131837484,26.91659716278567,dis_b
1144,47.11678989328146,13.442675719109676,dis_b
1145,82.16368977104716,18.422445995828944,dis_b
1146,45.92651971732139,44.76730445765846,dis_b
1147,35.77982653254418,33.32315237634179,dis_b
1148,49.42124472502999,39.36935133761664,dis_b
1149,82.82492524372184,22.71727115338276,dis_b
1150,33.520804737087275,31.512360972807897,dis_b
1151,17.37615931357438,12.419180437160376,dis_b
1152,71.20140203307808,35.27304151417432,dis_b
1153,82.59782127080818,21.380066685166867,dis_b
1154,10.063747852353334,22.12727574073728,dis_b
1155,23.98741127559447,32.466116228844086,dis_b
1156,14.19719897609939,46.81403107344633,dis_b
1157,34.79414115821666,3.200317330431046,dis_b
1158,45.03509789054127,41.23716186735038,dis_b
1159,74.88263369633064,14.619155520609656,dis_b
1160,65.11475848816741,22.19597272531889,dis_b
1161,62.09285674784312,1.0956664387504478,dis_b
1162,35.23749466096544,15.05230389171565,dis_b
1163,84.144755308476,25.131562131506524,dis_b
1164,47.12871673981645,2.8088038673719504,dis_b
1165,97.91049380151546,24.55478646915826,dis_b
1166,63.41421382957368,46.35553144292137,dis_b
1167,12.626474156450271,5.2696609053902606,dis_b
1168,67.6177562075434,38.22203640377522,dis_b
1169,32.5104015431699,20.483552668799632,dis_b
1170,68.63271966860974,32.7586857262169,dis_b
1171,6.964114816240574,13.011829899261468,dis_b
1172,17.48814371759594,7.974613127067914,dis_b
1173,85.57372589057863,8.023130713561322,dis_b
1174,22.71795570235149,3.5245972821572327,dis_b
1175,83.704112524294,9.282335245062152,dis_b
1176,27.927608845441043,33.21096924944841,dis_b
1177,64.28819100587077,44.084530592175405,dis_b
1178,69.4150573509831,40.70628427955809,dis_b
1179,51.265475314505295,34.25671549372421,dis_b
1180,30.531067669673128,5.521593170555134,dis_b
1181,21.26443763710961,14.459372314797491,dis_b
1182,3.318935456242622,15.490343766123448,dis_b
1183,30.39464012407238,12.49784731988106,dis_b
1184,65.3162790531283,25.750282985486155,dis_b
1185,93.83048184484826,26.77769074398363,dis_b
1186,87.1204482263052,17.84429875855551,dis_b
1187,76.60647765353026,17.6894579368218,dis_b
1188,78.84473432532987,41.42777989530407,dis_b
1189,66.49849034759953,39.46464241598428,dis_b
1190,26.0286857566003,15.389791584037283,dis_b
1191,90.719503070583,45.68942219366296,dis_b
1192,67.0732311905834,47.6407508501253,dis_b
1193,56.04406309804399,16.33712710150204,dis_b
1194,11.098946921348109,17.721247439652743,dis_b
1195,44.70555438064254,25.28170767109794,dis_b
1196,46.03582712019263,47.05604062668368,dis_b
1197,86.45636095226699,43.815971657115576,dis_b
1198,54.66482201877885,5.12839812917949,dis_b
1199,38.04005489704097,19.63653716357081,dis_b
1200,97.68003285106592,27.668559487488597,dis_b
1201,11.072059332631568,25.156623627577,dis_b
1202,42.25484283119446,9.693153396844634,dis_b
1203,4.202467517140529,42.94083855840773,dis_b
1204,73.99041207669303,33.84703914984187,dis_b
1205,91.80765521991506,41.89541874259018,dis_b
1206,28.003732955048942,42.93821396747361,dis_b
1207,85.83416767991208,37.41779268328699,dis_b
1208,29.221823046189776,21.960530062485866,dis_b
1209,91.07701616439152,30.527337750771228,dis_b
1210,75.3961903596784,8.018270305987157,dis_b
1211,80.49067768414386,33.68227087374539,dis_b
1212,1.80065556004545,8.962662786964037,dis_b
1213,96.2810357074026,34.69747952550784,dis_b
1214,72.66709920703232,11.479908037698433,dis_b
1215,30.47510953861333,5.877565007510999,dis_b
1216,82.9394664858847,8.26422450714787,dis_b
1217,28.152119841493,0.0996067609535134,dis_b
1218,87.2753839566128,35.93698089267651,dis_b
1219,11.2580390411937,36.62005245291896,dis_b
1220,70.36859774607957,25.74666749566297,dis_b
1221,54.06984766449104,8.068140052769184,dis_b
1222,9.653447019544082,4.177716875534488,dis_b
1223,24.189382825883897,0.9564483218643504,dis_b
1224,1.240403627731479,8.287408848261036,dis_b
1225,46.876796546450585,44.54277674915733,dis_b
1226,30.12652607600004,12.076842085084088,dis_b
1227,59.83574842977588,17.71356636086078,dis_b
1228,29.72378077086172,5.267274224066659,dis_b
1229,29.99191115069847,11.118065237408514,dis_b
1230,74.31931987316034,25.961228539010257,dis_b
1231,4.814283597835345,30.387634154782628,dis_b
1232,90.28949951919871,12.267615708310553,dis_b
1233,85.22638743911814,2.8866079612558604,dis_b
1234,66.78046832264066,19.55164345636993,dis_b
1235,59.32215701073843,11.710168546316709,dis_b
1236,89.23024981396523,10.977696161490098,dis_b
1237,18.533017952871443,47.99314013567276,dis_b
1238,7.896916219082861,30.815024296286204,dis_b
1239,23.95101699095381,27.843922158604794,dis_b
1240,79.45782787001903,20.78875517616609,dis_b
1241,3.4670266726483323,21.447216671507213,dis_b
1242,58.28068350834896,27.04525019190404,dis_b
1243,99.543751619131,34.82149035180536,dis_b
1244,85.56960938375394,35.107304809091474,dis_b
1245,52.14456890435895,8.584695385272479,dis_b
1246,6.364090928664234,25.00563760383135,dis_b
1247,83.13735143857099,20.597904751705094,dis_b
1248,59.89785081772106,43.52634831346921,dis_b
1249,11.493299705956684,31.57094606091882,dis_b
1250,9.38572848233562,26.62520332079909,dis_b
1251,90.96268194365923,5.769732108945869,dis_b
1252,66.92002629380784,30.281894466170574,dis_b
1253,82.92867993167555,5.860195284011671,dis_b
1254,87.89789002822673,16.860328778287602,dis_b
1255,57.17723520483222,7.142098240716593,dis_b
1256,51.74463517550413,34.603682351218445,dis_b
1257,43.042741032099016,10.31260569180763,dis_b
1258,31.69465877911193,19.5929686594013,dis_b
1259,43.459596085871176,44.78373888093893,dis_b
1260,77.38796557301563,10.215819169948514,dis_b
1261,60.19234310151316,25.39025319793896,dis_b
1262,89.2523289954846,20.9635830583011,dis_b
1263,44.33800143791877,0.9062020522864866,dis_b
1264,60.7089578718754,39.63790567864064,dis_b
1265,63.13075530919888,3.4522953157299865,dis_b
1266,59.16971623063255,23.71275104884768,dis_b
1267,70.26337730855164,28.03391474694749,dis_b
1268,23.74334683748063,31.421322830729352,dis_b
1269,51.23637775457907,34.431581465393776,dis_b
1270,10.422480280834767,12.663619176135754,dis_b
1271,38.45113276448126,0.4989388329224686,dis_b
1272,48.76670686212644,36.1721831177456,dis_b
1273,65.22242595454725,26.78282996737893,dis_b
1274,95.05310525862036,41.80588516036244,dis_b
1275,60.06510665483559,41.06941814503472,dis_b
1276,74.35939161765597,42.16630838939416,dis_b
1277,50.62660594952028,24.25473299897701,dis_b
1278,63.41040313763313,16.681419791843282,dis_b
1279,7.093221613377343,39.5779101295685,dis_b
1280,25.439158084184697,22.564705651462745,dis_b
1281,36.185309320513866,9.172109820171723,dis_b
1282,47.24933550065136,42.748700978073714,dis_b
1283,4.564874550238374,44.12799383861736,dis_b
1284,14.002409755331769,23.315487807008505,dis_b
1285,27.68143077913058,3.784986365489373,dis_b
1286,97.15326909010508,19.39130449584656,dis_b
1287,33.13470071030508,40.17688297313017,dis_b
1288,48.20410581120825,45.08870142731144,dis_b
1289,19.609771273839293,10.173637124879791,dis_b
1290,61.07800710757682,3.348680601263576,dis_b
1291,28.068321551597432,43.86752265664193,dis_b
1292,20.69925784384268,19.470246948943764,dis_b
1293,51.65726284459791,27.08804821337816,dis_b
1294,0.5505799160420821,48.40329060253794,dis_b
1295,0.7664032649225327,3.3282363957111425,dis_b
1296,21.906880910185777,32.41590037260478,dis_b
1297,3.672136250082114,3.7052711287433535,dis_b
1298,10.802575413069135,18.77344642332502,dis_b
1299,33.88606493387516,40.190727259672336,dis_b
1300,80.25856795798128,21.67361163778172,dis_b
1301,57.204864336930086,49.85911769514752,dis_b
1302,51.26677259564164,27.952964247330108,dis_b
1303,29.34888232081217,16.058107631797675,dis_b
1304,93.17537194328165,11.005566295237657,dis_b
1305,39.70150412371917,17.52602671430809,dis_b
1306,8.70927667957715,18.62666368797754,dis_b
1307,61.70665161178013,3.4356838861980488,dis_b
1308,11.38383934766014,18.47870997133866,dis_b
1309,34.52231428016921,23.211925986961248,dis_b
1310,50.74119387178089,36.13688761194023,dis_b
1311,87.42225246851758,32.8364742360804,dis_b
1312,49.35465803401187,35.438282761457714,dis_b
1313,70.22587660316643,0.4181840938428549,dis_b
1314,99.28168389990704,10.883369979026805,dis_b
1315,13.148911989798162,33.084214419992826,dis_b
1316,27.47315255195195,24.19946840898736,dis_b
1317,39.45760755976464,0.2656737834172973,dis_b
1318,42.18281785388314,40.22473212159112,dis_b
1319,41.102107526554576,38.64047866451687,dis_b
1320,90.76110025565548,27.42095814967813,dis_b
1321,71.40326444668564,3.323166288813606,dis_b
1322,60.79052140907037,38.32575247662923,dis_b
1323,30.93727178627821,29.1856793865682,dis_b
1324,82.37903842212947,39.09799885789796,dis_b
1325,95.5060511484989,37.58734961979202,dis_b
1326,82.11982825502265,40.15010359789186,dis_b
1327,0.1565105191472904,25.90040332023124,dis_b
1328,63.6401370183407,7.016225909675749,dis_b
1329,5.1135381442100725,33.557873668984435,dis_b
1330,25.760722033372183,31.02368925259853,dis_b
1331,5.952470034777169,37.11265935995436,dis_b
1332,60.37954529493877,8.494050302536765,dis_b
1333,68.65899134926067,9.748759995014462,dis_b
1334,11.448763806590511,44.52047586096642,dis_b
1335,38.38388830449795,37.49888992260354,dis_b
1336,45.6236508955542,45.411424435016144,dis_b
1337,36.90530217609166,37.93576605819604,dis_b
1338,12.102500048519303,29.85776529951509,dis_b
1339,41.89477901874754,32.70663685139368,dis_b
1340,75.11780478084181,44.456396197000494,dis_b
1341,7.100766453325546,28.940337725597026,dis_b
1342,8.018001408190345,31.61956621641937,dis_b
1343,35.47712918359842,7.823835800180029,dis_b
1344,94.1725711618925,23.69606100580513,dis_b
1345,66.85726467229141,35.81985559790495,dis_b
1346,67.86699566725648,13.54713491581827,dis_b
1347,36.1919990837865,10.112709026226746,dis_b
1348,59.36607912085384,15.69134041122078,dis_b
1349,1.0131184027743378,12.075031399641672,dis_b
1350,63.60960464095422,10.745631851819793,dis_b
1351,91.32869475762368,21.242542143404343,dis_b
1352,61.25734683448192,45.39192569417671,dis_b
1353,87.3698593466345,25.352982336935916,dis_b
1354,72.39730554660937,9.396019040766152,dis_b
1355,12.055841640369025,3.848583469043704,dis_b
1356,90.24533072858418,34.80780725689626,dis_b
1357,6.644384435577488,19.139938221819392,dis_b
1358,53.39674725477638,41.09154732926796,dis_b
1359,14.213712379345766,32.97553843203851,dis_b
1360,1.1706610730904066,39.81207252706842,dis_b
1361,42.2034260127639,13.597301970922436,dis_b
1362,29.504070765415623,34.6179461230529,dis_b
1363,48.6000493797603,13.203099234685938,dis_b
1364,57.71998867345508,46.95342397251458,dis_b
1365,4.373907230894735,31.81871407666872,dis_b
1366,12.300329512374564,16.225590008767103,dis_b
1367,55.86423964504254,13.475593114613632,dis_b
1368,34.316735317265824,9.546329253582176,dis_b
1369,72.9173487549448,34.73204794468639,dis_b
1370,65.22916485919397,10.935780649896364,dis_b
1371,84.56043629899068,29.765163296374453,dis_b
1372,69.24928266692253,13.231751346267869,dis_b
1373,42.99310773901481,33.09844723969343,dis_b
1374,67.29666223944324,40.74698642702696,dis_b
1375,27.53811742554185,38.90126215723266,dis_b
1376,30.63134987782127,38.042566546539085,dis_b
1377,78.89851599207933,9.386120284612604,dis_b
1378,44.64195164015822,4.419247349225936,dis_b
1379,79.83803405183525,34.94744142436928,dis_b
1380,82.24223736682784,18.417360689717565,dis_b
1381,85.75623376612837,21.617311320167364,dis_b
1382,91.66352358412072,1.5574546396695532,dis_b
1383,43.09852205132962,12.97882246375246,dis_b
1384,31.886681832113883,1.6838201937232011,dis_b
1385,58.21987465941139,43.95928863006238,dis_b
1386,37.117242343762754,12.169834160926523,dis_b
1387,60.1074166800233,27.866858478650403,dis_b
1388,70.55858626438246,1.9489660330565208,dis_b
1389,68.84050184921368,33.3423695652829,dis_b
1390,37.45528870201213,16.151367287704694,dis_b
1391,16.68602016987528,44.89595934788329,dis_b
1392,43.05293384622075,44.40590944670179,dis_b
1393,14.259414408190874,16.264530918087388,dis_b
1394,89.00970351838083,45.04804478452339,dis_b
1395,34.58774607378574,49.80788367493894,dis_b
1396,15.445974722332378,41.2707832061974,dis_b
1397,2.544775990575088,42.24356738776145,dis_b
1398,64.58223862864843,12.450436805454496,dis_b
1399,63.69023174547432,28.83511994288781,dis_b
1400,34.060416658129164,3.3627956983683926,dis_b
1401,7.171188884765101,4.745896841083486,dis_b
1402,40.9628894895232,49.94463060166453,dis_b
1403,31.12174950633936,16.331962471295547,dis_b
1404,67.71206397350093,37.40919560244232,dis_b
1405,60.57792494526903,40.33325265134082,dis_b
1406,36.459372819754,42.90116355036146,dis_b
1407,21.78925542549901,49.88141487010783,dis_b
1408,98.8035966155592,12.074824262843393,dis_b
1409,45.40016211961149,2.0175413429849853,dis_b
1410,68.82742357802371,20.5595758997293,dis_b
1411,14.05529675783608,6.504033491447347,dis_b
1412,48.55896996593978,1.1212944581027562,dis_b
1413,2.7536719869465487,18.021341357074306,dis_b
1414,50.545511791044994,39.18691255376182,dis_b
1415,96.40174071177024,28.309034561253544,dis_b
1416,38.420671298580025,15.638899460517704,dis_b
1417,3.899601257491159,32.71710027463598,dis_b
1418,3.095579091934353,11.600909015440536,dis_b
1419,38.79867599468695,0.7190723036042512,dis_b
1420,16.002493646319405,38.21766932182137,dis_b
1421,2.335209632818591,31.187154243200453,dis_b
1422,75.62136139501769,38.115131225048,dis_b
1423,45.85230088818907,1.9469008343832803,dis_b
1424,28.924477197265453,41.85598139153261,dis_b
1425,90.00831830164807,30.976310001815165,dis_b
1426,11.61389602005256,28.169767535632005,dis_b
1427,95.59188289553192,31.23070240572658,dis_b
1428,31.39667173773528,43.2216623434182,dis_b
1429,88.84036723086813,29.346825327945357,dis_b
1430,60.29428764794616,29.047518994408968,dis_b
1431,82.67073597414874,49.53395785328829,dis_b
1432,98.40131632104642,37.8365083534284,dis_b
1433,28.84054378187457,22.114690272556764,dis_b
1434,96.1135485407593,35.369850001646384,dis_b
1435,38.94818949024204,19.461523584589425,dis_b
1436,38.55119047369223,11.44377312417495,dis_b
1437,34.03871042545057,29.84259384438797,dis_b
1438,54.14076073475852,46.409104905697575,dis_b
1439,15.41450431784871,46.45697600077314,dis_b
1440,55.37114853580112,17.095263905274514,dis_b
1441,54.1704812410004,26.38387331108475,dis_b
1442,76.190181260487,10.58179492849306,dis_b
1443,83.36499619375856,49.78155547494417,dis_b
1444,44.044135031242405,49.05589539339679,dis_b
1445,30.233324935149376,32.475446485372366,dis_b
1446,25.933489731709447,40.22070298387367,dis_b
1447,19.462383670487192,35.755008064185,dis_b
1448,5.764758219902488,29.65791095197341,dis_b
1449,34.244797883471335,2.6673998494448847,dis_b
1450,27.02476921307833,22.738217127633053,dis_b
1451,96.64173858664074,33.739315108370526,dis_b
1452,55.77088262500439,33.876580694184234,dis_b
1453,34.72770390305075,18.65613092111918,dis_b
1454,58.0467600993696,47.084599332901526,dis_b
1455,13.91967013456955,8.36785161183905,dis_b
1456,44.40437492022029,25.01797231077803,dis_b
1457,62.62343214210638,34.54419882754114,dis_b
1458,48.889783179245136,34.85679029459046,dis_b
1459,40.177880065432426,32.43194783844078,dis_b
1460,99.3848388899698,13.764410672593009,dis_b
1461,88.0314762148927,7.810328434331098,dis_b
1462,62.34059581594401,31.797016341335546,dis_b
1463,56.93773611822828,29.965105806971888,dis_b
1464,62.06604798245841,8.967800514462049,dis_b
1465,20.131210782243325,35.25695727852817,dis_b
1466,39.51377432643186,22.75859958668282,dis_b
1467,3.945953289089932,33.38802958015765,dis_b
1468,47.554603748682666,41.868353988507536,dis_b
1469,54.30245839576632,8.486421428846159,dis_b
1470,22.77497361032096,0.957243399841834,dis_b
1471,96.40288471655136,38.955129319789336,dis_b
1472,90.9454610937242,30.4848712576308,dis_b
1473,72.21432354559059,34.98197848110608,dis_b
1474,53.33866287653626,41.90774874943213,dis_b
1475,86.99691596476849,40.14054674122502,dis_b
1476,13.065234382346292,48.04600734644124,dis_b
1477,79.0509794274885,26.79675394260591,dis_b
1478,12.48208139668483,24.42478163299527,dis_b
1479,79.42106625494054,20.094359994536504,dis_b
1480,27.576756825135696,7.684552142210227,dis_b
1481,87.7090581018189,28.63036164410112,dis_b
1482,94.4042093825398,13.85062621629894,dis_b
1483,14.879596940511563,46.06537561064877,dis_b
1484,46.26756050653936,29.15954021385488,dis_b
1485,98.09873781626852,29.642009025405507,dis_b
1486,48.34074359731466,17.746233043850502,dis_b
1487,86.35475225145451,2.5994675988853744,dis_b
1488,58.87315221313199,1.587188268649431,dis_b
1489,37.53299079196019,21.166757207659877,dis_b
1490,28.57835555258702,4.228268904861893,dis_b
1491,20.322309108608728,30.34234777700696,dis_b
1492,76.17981913776973,44.04865028198287,dis_b
1493,38.65405068230279,44.14574082593611,dis_b
1494,51.12754622007512,32.95227050661162,dis_b
1495,49.23254800011819,10.56159157364655,dis_b
1496,57.72790292331312,43.1498415679436,dis_b
1497,86.55771456245522,44.30467176566041,dis_b
1498,98.07393435834294,9.832679247647937,dis_b
1499,40.758420857381694,36.87130428853386,dis_b
1500,82.7518922106303,14.325977446356148,dis_b
1501,76.45277946547176,40.13201561764648,dis_b
1502,57.352895145557326,49.86189499518014,dis_b
1503,95.60471436119332,1.5013002664696409,dis_b
1504,20.04745155284028,44.86829328954659,dis_b
1505,10.92642103096214,31.131526679932904,dis_b
1506,85.39619669554222,48.669130958241055,dis_b
1507,43.91498166337483,23.25047587632138,dis_b
1508,84.69688542070605,42.369396528568686,dis_b
1509,89.30902051954149,3.1197034299138613,dis_b
1510,6.245759361907144,16.763952503914787,dis_b
1511,88.34647629860606,3.3508268875604985,dis_b
1512,44.831905536942216,48.76715667395353,dis_b
1513,51.04324890042322,40.84869536359184,dis_b
1514,62.65925110932103,42.62737106229852,dis_b
1515,92.63826067300867,46.89826157169471,dis_b
1516,1.911609442976403,4.255174305989268,dis_b
1517,47.68434683178171,19.27987962566667,dis_b
1518,68.77220424305607,3.551744452200106,dis_b
1519,72.27069576982285,10.53965507750143,dis_b
1520,69.2532431537108,11.468288851883615,dis_b
1521,13.443512940812186,23.45536055237893,dis_b
1522,29.93955883716812,13.428108372682129,dis_b
1523,35.87155254170135,5.048905340888055,dis_b
1524,80.4437207679505,8.374554454705386,dis_b
1525,27.875987241455302,7.363778177604546,dis_b
1526,21.070496386720315,48.65383989561492,dis_b
1527,95.74480190380962,37.96462534592368,dis_b
1528,0.88632851134689,48.3880732634781,dis_b
1529,99.7820855681978,21.987024325395428,dis_b
1530,67.68212988573956,13.91842408313283,dis_b
1531,82.84692994491171,39.91465986045933,dis_b
1532,29.46193963461932,16.31269590205734,dis_b
1533,1.4315277667059978,14.969168685267414,dis_b
1534,73.78695185615301,11.62529961039156,dis_b
1535,83.41445970006758,6.483948911211767,dis_b
1536,74.04761319535191,12.823153050838298,dis_b
1537,14.28502873008386,17.765987423694384,dis_b
1538,75.34279222569691,33.69971040728652,dis_b
1539,76.8922782107641,3.128242110972579,dis_b
1540,65.85405156700548,10.525346983267148,dis_b
1541,76.61159327955862,40.45118201458382,dis_b
1542,84.59214396777321,7.346096179188538,dis_b
1543,61.360411423745845,17.132257326126076,dis_b
1544,8.860471396967906,43.23294609290701,dis_b
1545,48.76278096672109,7.746265557172133,dis_b
1546,7.764933467160507,4.136841780909495,dis_b
1547,40.75430310324308,24.22689975400054,dis_b
1548,40.71064891256276,15.12097556392682,dis_b
1549,6.600984414024158,28.170418224192705,dis_b
1550,34.88205339694793,40.19024452417376,dis_b
1551,11.099809879131485,6.857424407637158,dis_b
1552,80.82352100092221,29.03495422771425,dis_b
1553,94.76880259644707,25.2754380194932,dis_b
1554,7.231647525793861,7.203939300659979,dis_b
1555,95.51152072917014,31.19992427644912,dis_b
1556,52.25765993367452,13.682020893038583,dis_b
1557,29.95656779538739,24.391715927200625,dis_b
1558,7.686207527616351,4.113616213853094,dis_b
1559,50.06242680704178,22.979202860681152,dis_b
1560,79.45155444907486,15.323173402141016,dis_b
1561,70.70864772666981,41.11906055926772,dis_b
1562,5.022601146397376,2.848936349868414,dis_b
1563,7.290183536790352,20.930363745916495,dis_b
1564,40.28732826326371,22.9215712065719,dis_b
1565,29.52904940479433,36.250303814955934,dis_b
1566,23.238432305604785,28.714378754510548,dis_b
1567,28.10044989087136,33.360616859709054,dis_b
1568,80.34827432968846,38.8524642825878,dis_b
1569,92.9228053631854,43.11014868290944,dis_b
1570,40.510269452756646,15.693774836123524,dis_b
1571,90.61110021324971,26.901135268195148,dis_b
1572,32.1495701247882,42.00540392196,dis_b
1573,47.64369863437916,49.472556548252825,dis_b
1574,22.602899781599973,44.47596555218816,dis_b
1575,64.0476042175844,18.57336313121884,dis_b
1576,97.89811151748088,9.75832586093252,dis_b
1577,60.34930960433786,24.469626870329435,dis_b
1578,35.78140841135489,37.08207259180211,dis_b
1579,64.78174459905284,24.62845353766488,dis_b
1580,12.292067846538757,24.159043165683425,dis_b
1581,88.86590802653987,41.91152105409003,dis_b
1582,50.30839507798363,18.07018895335932,dis_b
1583,44.93497420396421,42.98973374058228,dis_b
1584,58.58647884535192,20.340240047586175,dis_b
1585,62.47838627894025,16.41165528391697,dis_b
1586,7.177580622651303,22.69949555998495,dis_b
1587,68.26172212234025,38.12234793374342,dis_b
1588,24.19316803155296,6.300101393199714,dis_b
1589,71.39526325065899,9.82096079360087,dis_b
1590,82.25347943841967,47.5722412831546,dis_b
1591,80.39585075525203,8.77458136906787,dis_b
1592,55.25009674078891,28.38636589655273,dis_b
1593,52.01698923107512,28.965723333096893,dis_b
1594,14.287596133941172,24.48122310251224,dis_b
1595,77.53461504031355,32.23726242884093,dis_b
1596,27.14093804467144,11.49133628988092,dis_b
1597,49.669542281794655,27.63311338883741,dis_b
1598,28.42740929275167,18.608662762344856,dis_b
1599,13.382836299969314,33.08336298145945,dis_b
1600,62.95576968917366,7.061177168657473,dis_b
1601,5.433203482290383,28.543870841973813,dis_b
1602,74.86452341262,9.263517769166183,dis_b
1603,31.758679526111667,13.93215315575182,dis_b
1604,0.013469300448532,10.93549001617916,dis_b
1605,51.11291392372298,9.141888993440856,dis_b
1606,4.6851908527603126,41.28554757803335,dis_b
1607,27.616955782089946,14.285378383044517,dis_b
1608,70.69764874557161,46.35618909322247,dis_b
1609,6.268962162186586,48.49632626725954,dis_b
1610,83.93384923560023,28.563023496854868,dis_b
1611,0.3819922658583108,7.15005613328632,dis_b
1612,24.682386920190226,18.727412168979065,dis_b
1613,74.09040561520715,39.8866131674107,dis_b
1614,31.62701497293068,18.36953643485352,dis_b
1615,10.189238806601352,4.350860915139437,dis_b
1616,36.02339188004279,27.8392455464094,dis_b
1617,27.039328638452552,42.25604257480174,dis_b
1618,84.27119021605549,39.79631935717512,dis_b
1619,31.334791758514317,8.756157006517661,dis_b
1620,78.89324717760073,33.63823072062333,dis_b
1621,89.18721448107347,11.025213171782354,dis_b
1622,43.38174195765296,10.910376727608613,dis_b
1623,90.9943143854392,43.70358866525926,dis_b
1624,37.73180539631929,12.483447637011508,dis_b
1625,96.40784164901082,13.16236732590056,dis_b
1626,8.928952452557294,0.0326695380649777,dis_b
1627,68.70192665032427,43.53345170627588,dis_b
1628,49.38140404569287,39.62974066045673,dis_b
1629,38.76488054556471,31.3664467545339,dis_b
1630,63.27118787486009,37.51328819694211,dis_b
1631,70.38570916343312,7.60242837122459,dis_b
1632,0.4363269650309087,22.91617972937877,dis_b
1633,16.69530887471987,17.560969367439043,dis_b
1634,71.30460506343186,4.688826312850825,dis_b
1635,66.63854135782064,24.306524260746205,dis_b
1636,96.60475051286772,46.03698251713177,dis_b
1637,76.1037790250783,2.002955952534724,dis_b
1638,95.0772707731338,14.573045674689697,dis_b
1639,70.25405015348069,10.377046810285172,dis_b
1640,29.805220863944317,11.907332683284816,dis_b
1641,10.536492225085649,45.42172759396876,dis_b
1642,78.18238633449356,23.403452711714507,dis_b
1643,64.4149221475916,23.31497064699094,dis_b
1644,4.818601239329623,38.02878212276411,dis_b
1645,36.005046590097834,7.72461020024629,dis_b
1646,95.6799815484286,24.36326770500254,dis_b
1647,50.04011457102012,21.499260706052983,dis_b
1648,43.27291360197047,29.84553452733281,dis_b
1649,45.7699605159294,49.97788516252193,dis_b
1650,20.88827240051637,38.47244470410235,dis_b
1651,36.87071708647952,19.89328515087136,dis_b
1652,36.98132559871766,41.377652613702345,dis_b
1653,5.2355020187472405,8.535418165624009,dis_b
1654,76.75676285179182,1.5231843154480065,dis_b
1655,41.6504431903879,10.222418623213652,dis_b
1656,82.21798868164232,17.020577805712982,dis_b
1657,85.03480011198954,25.529037872977995,dis_b
1658,21.199405469865805,30.75645702705999,dis_b
1659,65.73534821701286,45.53028586072109,dis_b
1660,47.22818041629817,25.492700477522884,dis_b
1661,88.0156737921485,25.063782231286467,dis_b
1662,21.57406791764541,2.5121504911491064,dis_b
1663,67.78132003100443,1.7455776328111905,dis_b
1664,60.775212225272256,27.557998095818604,dis_b
1665,29.53014775718328,21.908930662417227,dis_b
1666,13.66009036511726,41.95901974901493,dis_b
1667,65.16397604772766,8.033979235592259,dis_b
1668,73.85974581323308,1.24858310585248,dis_b
1669,31.562734376335,22.451938396506293,dis_b
1670,64.48326040223138,11.873927837612875,dis_b
1671,39.51309076115032,2.4807186669418724,dis_b
1672,71.32068832826177,36.22991434238145,dis_b
1673,19.92152748940531,5.579649997862374,dis_b
1674,89.02150026361744,30.415975000388585,dis_b
1675,28.74095964655797,14.052487508344456,dis_b
1676,36.77859877561529,8.6748025177511,dis_b
1677,5.8091952080349785,18.987576145965875,dis_b
1678,11.15122123212764,40.072288811147686,dis_b
1679,51.58619027123281,19.604678845228637,dis_b
1680,26.75926767279715,37.53848246055279,dis_b
1681,83.54802257421944,6.274314839957534,dis_b
1682,1.4693388654953845,38.63857098325396,dis_b
1683,37.90940486719362,11.846666245332433,dis_b
1684,33.73455467690927,33.86965649444364,dis_b
1685,1.9327630917601035,28.289077742049816,dis_b
1686,12.436839900051025,46.45723586058437,dis_b
1687,41.36426749186353,19.366125898765706,dis_b
1688,49.28645844474466,3.308259441722022,dis_b
1689,40.42897472548691,0.9577742775626452,dis_b
1690,53.093767841209385,41.34292804863765,dis_b
1691,59.51316749056815,26.236781883071608,dis_b
1692,0.992382112783563,38.76220259174746,dis_b
1693,46.40951594535039,11.721280000575735,dis_b
1694,96.34992408875884,17.254187275661685,dis_b
1695,51.90322801295487,1.505193610565947,dis_b
1696,67.75422674589532,48.07461622870561,dis_b
1697,31.18638579168832,33.39339533504067,dis_b
1698,77.39913781527625,46.66025438796531,dis_b
1699,77.2921481876115,13.274820371453616,dis_b
1700,52.129604765413895,30.57318056128304,dis_b
1701,97.60138232792136,33.924998414631894,dis_b
1702,12.555021476265338,15.877485012879422,dis_b
1703,1.6947664889580991,42.40546175078151,dis_b
1704,77.0158211757096,47.35807314501239,dis_b
1705,80.71555373648826,44.24275588480022,dis_b
1706,12.020722912057623,36.95334879696863,dis_b
1707,26.55828329586061,13.8732339862477,dis_b
1708,1.755236336662891,14.080802105281586,dis_b
1709,29.33086107805647,48.1680160223019,dis_b
1710,77.31418739186715,0.5142247967846014,dis_b
1711,51.79605277125789,35.802498662107226,dis_b
1712,34.80955931682881,35.31230812776311,dis_b
1713,37.17392949063303,31.134477047489877,dis_b
1714,0.1353625715468154,49.50544230434329,dis_b
1715,29.98005275652359,15.59397178818626,dis_b
1716,64.64587416379305,16.998593189662408,dis_b
1717,97.41944438163571,3.9469701473277774,dis_b
1718,84.70608269838995,22.139906827186877,dis_b
1719,2.3594964645529126,13.052426311742405,dis_b
1720,89.85606046748393,17.169335108882212,dis_b
1721,78.3198413298626,41.72858951278138,dis_b
1722,78.03761235709804,46.77422567637478,dis_b
1723,45.79957590035715,9.286653600259282,dis_b
1724,39.80052929545028,18.62544657767329,dis_b
1725,30.29157288331926,46.4315281057697,dis_b
1726,6.569485895436578,3.090423034461132,dis_b
1727,22.82353634936991,4.6180264055689255,dis_b
1728,24.66036349780246,8.139549460311468,dis_b
1729,48.40770697102016,29.760641706343737,dis_b
1730,74.7444406596694,7.523613550299873,dis_b
1731,47.38098283979466,48.40381907253668,dis_b
1732,5.784444944716061,22.335726362926017,dis_b
1733,95.77898009882038,25.07589801750832,dis_b
1734,94.27243190941122,12.332930790270323,dis_b
1735,78.51895431484084,23.548012621736675,dis_b
1736,99.13279015642206,33.095681631850574,dis_b
1737,54.44823328002629,37.55885684770214,dis_b
1738,96.2768350253206,37.69340413549565,dis_b
1739,7.560504061675077,28.894555634704417,dis_b
1740,36.568074826137135,45.217988749692864,dis_b
1741,22.538126800676583,40.87039236530547,dis_b
1742,19.583308413427,37.85240573493128,dis_b
1743,14.08029488926761,2.780276084023031,dis_b
1744,62.24136415659967,0.3438981109824657,dis_b
1745,78.1321855747305,10.622363859773648,dis_b
1746,57.82983994203607,33.176179695672616,dis_b
1747,14.696270958820968,20.55987444412729,dis_b
1748,81.11237699334708,20.120312964965585,dis_b
1749,63.59547071637285,44.22934441148069,dis_b
1750,38.81657061269955,44.77814240659194,dis_b
1751,67.4130295536063,45.458763202679286,dis_b
1752,25.99049792428329,15.693903825751365,dis_b
1753,34.51922084942105,34.55279063696309,dis_b
1754,91.74858431319902,13.58165906371848,dis_b
1755,29.05045056714204,9.530491653722487,dis_b
1756,46.99882681579366,9.23162286736846,dis_b
1757,89.01411373960147,17.1053810431797,dis_b
1758,70.77213502675275,21.497880988991085,dis_b
1759,6.220322616470275,41.54745855275342,dis_b
1760,14.730304427897034,5.994554673635605,dis_b
1761,0.7841590771916818,36.74629236974471,dis_b
1762,63.09217902291634,26.572745709465263,dis_b
1763,44.76734254104184,14.397267133799623,dis_b
1764,13.427485090227552,24.640979226641228,dis_b
1765,95.79341210567704,14.997103488851131,dis_b
1766,52.96597239456199,29.804097761915298,dis_b
1767,24.18932941128892,21.69219614276221,dis_b
1768,50.06035711547076,8.220276453943937,dis_b
1769,67.96203327351078,5.829153727784836,dis_b
1770,7.623921797356448,27.33478410360651,dis_b
1771,27.4703815047892,45.12065166430517,dis_b
1772,80.69654908839937,17.197884327884278,dis_b
1773,45.96648704026613,36.65000536113116,dis_b
1774,54.65771420322949,32.93306774698835,dis_b
1775,43.28160022094693,46.57774571547405,dis_b
1776,4.389994264300512,41.049050864957046,dis_b
1777,16.574977982015593,28.330262945273148,dis_b
1778,44.554163874189086,32.85152491170537,dis_b
1779,20.918546540792786,44.91932332920175,dis_b
1780,4.997902865967873,19.97593922934674,dis_b
1781,84.36496640518237,16.339735292888868,dis_b
1782,98.11925291641158,0.540554181759817,dis_b
1783,79.31428739967394,41.32755370957321,dis_b
1784,85.3784921704667,40.04903502016825,dis_b
1785,24.197713031704534,5.222725905007569,dis_b
1786,96.06269755131996,28.842869056635013,dis_b
1787,19.69257044534284,23.199084908344368,dis_b
1788,95.14298103618324,5.9354547754555735,dis_b
1789,99.4819293965951,49.02841135303618,dis_b
1790,71.17228057460487,10.734794373167771,dis_b
1791,98.1143731791822,3.3617090045280573,dis_b
1792,56.95397795671037,29.74236897509548,dis_b
1793,25.954178317609035,36.943333856651634,dis_b
1794,43.699588566562085,1.6221723023593482,dis_b
1795,59.35609353787859,32.93588193635111,dis_b
1796,7.308156202701499,26.614593797572724,dis_b
1797,62.234326461724606,5.163250443752421,dis_b
1798,98.11778367622944,8.626193847318103,dis_b
1799,19.01076497837276,28.398714865804024,dis_b
1800,79.25951162883833,14.81788067566442,dis_b
1801,90.78987937796194,46.9157864325658,dis_b
1802,94.37015928202209,40.93701147420254,dis_b
1803,96.01356044054472,49.17836032568315,dis_b
1804,52.14596387214719,12.9835419475207,dis_b
1805,97.73079079915036,48.48618163989885,dis_b
1806,75.73102071344388,21.56169348957789,dis_b
1807,16.16714362369619,17.375939765687733,dis_b
1808,47.690010646797,2.517476348467662,dis_b
1809,71.8331175372004,2.638262892980131,dis_b
1810,24.734031581908333,34.600562797332735,dis_b
1811,64.06151835488873,22.896449721701394,dis_b
1812,66.66004790466192,11.326081301805283,dis_b
1813,16.26997438085659,30.69851531626163,dis_b
1814,56.50853124527563,12.642905912505558,dis_b
1815,77.16269109786077,28.88158771722113,dis_b
1816,49.88956645359419,17.960437349134516,dis_b
1817,1.2103116776107423,41.17761133059095,dis_b
1818,0.9038469079292176,41.034808038338966,dis_b
1819,35.702934397001215,23.867519906120062,dis_b
1820,92.6194068431782,17.54095546675078,dis_b
1821,22.86767796036088,18.12798982795473,dis_b
1822,63.43636888716871,40.285726283410895,dis_b
1823,22.207587069332057,16.4089741398806,dis_b
1824,32.16699896595486,10.4529686853423,dis_b
1825,84.8042089601484,4.234417093765341,dis_b
1826,72.88614422699469,23.33465604422042,dis_b
1827,9.539927731321065,24.106604945992093,dis_b
1828,42.87020209864336,42.04543552014536,dis_b
1829,2.916976364526447,11.0619348223032,dis_b
1830,48.0890146603009,19.04956368342,dis_b
1831,66.24340117010681,40.42028694468455,dis_b
1832,11.850262359815156,41.18118053744868,dis_b
1833,28.888493890916568,19.23055379893841,dis_b
1834,39.783662550215695,22.956201164334043,dis_b
1835,91.95310246560496,15.164294542464146,dis_b
1836,99.3255015422964,46.6277439209656,dis_b
1837,4.491129899561585,5.932188287079016,dis_b
1838,76.1007923495392,46.6874711500735,dis_b
1839,37.17240664023432,34.19332259176716,dis_b
1840,39.245818622948,26.57860763433656,dis_b
1841,75.42649733470228,1.6329530392247935,dis_b
1842,91.84264321454089,23.779809591100413,dis_b
1843,95.09285945025483,20.387405250136613,dis_b
1844,57.71225860383208,8.060940598756128,dis_b
1845,35.71211593005028,32.82048017503285,dis_b
1846,78.75490858587793,48.55754536841429,dis_b
1847,25.100138326230027,28.109440553226257,dis_b
1848,56.40740288335178,35.73766382219729,dis_b
1849,35.85784615248732,3.422522628300839,dis_b
1850,65.66310737078761,20.88334979084973,dis_b
1851,24.03989128935069,5.817924258224794,dis_b
1852,19.159294573482576,30.63979177682552,dis_b
1853,91.8239086675437,46.92410791070773,dis_b
1854,10.18036829495369,33.08888662358193,dis_b
1855,50.59579077349317,3.840152415721077,dis_b
1856,22.08527829630089,17.733310249254142,dis_b
1857,3.892996332566745,27.533168972042574,dis_b
1858,3.601881829142639,20.16038780666261,dis_b
1859,17.522177210582733,41.68220052375862,dis_b
1860,86.67703545060003,40.73355023549946,dis_b
1861,28.247874397702667,30.591551005161072,dis_b
1862,95.04591705752958,18.672897256635263,dis_b
1863,58.16222929891936,12.766818688162209,dis_b
1864,43.66141897687661,5.2937159106564655,dis_b
1865,58.00888346694546,17.7448841743277,dis_b
1866,51.669838522626776,20.65862586038597,dis_b
1867,75.87762537573252,33.79114625520368,dis_b
1868,28.249606597285226,32.90799121487867,dis_b
1869,35.30503916003024,3.505406982062848,dis_b
1870,89.40943025332507,19.762965771557887,dis_b
1871,94.64565131504057,9.088943360868097,dis_b
1872,89.25582274864745,7.840635265840285,dis_b
1873,41.94479939573136,41.36510748686229,dis_b
1874,78.03655030068816,2.0957608358128765,dis_b
1875,47.63357333010988,20.959143795106066,dis_b
1876,49.75398521461022,8.41018278832591,dis_b
1877,20.468010905728395,43.9665107839237,dis_b
1878,59.113030325851646,27.85202566375176,dis_b
1879,18.613589775334795,11.5690318188424,dis_b
1880,33.15646990671938,25.12136435831882,dis_b
1881,85.50302016199352,36.574317985155794,dis_b
1882,20.707580921085523,47.90590044597169,dis_b
1883,7.115828517343282,11.022300212270949,dis_b
1884,6.90075926128163,44.309088606467256,dis_b
1885,94.0784520503108,46.71520570837451,dis_b
1886,50.69204379618346,45.82102722660331,dis_b
1887,40.94120718170184,31.770717843095493,dis_b
1888,81.08785810079185,31.491032721735383,dis_b
1889,83.5825927910516,20.16053165919114,dis_b
1890,33.21910331156046,37.6198941151894,dis_b
1891,69.36180574737952,26.564700917546595,dis_b
1892,77.11228158518865,33.871903561414726,dis_b
1893,65.46506868659546,21.42289519243977,dis_b
1894,15.159507480009935,36.57482320215696,dis_b
1895,87.5883083517057,41.22357588022745,dis_b
1896,53.90945527360087,7.321812830140805,dis_b
1897,28.24724263700037,41.6464857787114,dis_b
1898,42.52281854376939,27.01482658951536,dis_b
1899,3.757109039890738,42.233295454511214,dis_b
1900,12.786680122241757,21.56508531705073,dis_b
1901,76.55467505158609,18.952024269151757,dis_b
1902,0.0011634755366141,45.75303662586112,dis_b
1903,41.65658284822922,12.558463377420065,dis_b
1904,52.251018108558846,42.21061626430716,dis_b
1905,5.4634420000972295,24.201028625470205,dis_b
1906,97.30781629723327,25.704772127562983,dis_b
1907,22.612533124967197,15.4234140744742,dis_b
1908,30.419871963628086,28.652110030950784,dis_b
1909,30.39425122550273,16.260559813810566,dis_b
1910,23.04166621173499,1.963470712082616,dis_b
1911,0.1473822086311416,13.599930267217802,dis_b
1912,72.93447940879963,0.3189521703295339,dis_b
1913,96.68454997992852,48.91773935284283,dis_b
1914,22.429348328504503,48.287360490987375,dis_b
1915,66.30471918034225,19.75776487361525,dis_b
1916,74.18963269587151,36.4185427169823,dis_b
1917,84.84253790905247,17.290304920521248,dis_b
1918,42.262919701360914,33.5546578542988,dis_b
1919,30.293090564042924,40.27150215229896,dis_b
1920,32.52951340230311,47.33781223461204,dis_b
1921,71.26213330985128,20.0106137924836,dis_b
1922,81.6779466505636,39.16489914780239,dis_b
1923,18.161396775660265,13.29642253160594,dis_b
1924,37.09410081577652,49.51661518968242,dis_b
1925,90.194019674915,1.2884799382175571,dis_b
1926,80.66935196947392,30.17644032505605,dis_b
1927,98.4858402762476,32.97529908256636,dis_b
1928,75.42482596820807,34.402277853706444,dis_b
1929,39.31952010279223,6.019378939454451,dis_b
1930,59.06378339946377,46.92648917365652,dis_b
1931,66.10142542473203,9.05916395250414,dis_b
1932,7.845581631712395,31.13767016199205,dis_b
1933,54.44969591038651,11.133803956154248,dis_b
1934,70.93208284726096,15.360820851063544,dis_b
1935,16.732130400106037,27.322927086406217,dis_b
1936,78.06317174255571,20.859670928228823,dis_b
1937,58.37727805141116,8.011280048825315,dis_b
1938,95.22217856975946,8.546820121042414,dis_b
1939,4.24222982068917,20.907239408139983,dis_b
1940,26.5326137555467,37.86414891377504,dis_b
1941,60.15538792998241,44.89823234238943,dis_b
1942,29.65599122059307,4.206383112969142,dis_b
1943,71.44241640712423,19.655195377970053,dis_b
1944,75.9005282521931,5.012278186143831,dis_b
1945,10.251596406647446,0.8296240316298942,dis_b
1946,51.38544642067677,33.08593413219783,dis_b
1947,50.88905555910559,30.12247209832939,dis_b
1948,36.92807702155411,8.150955690744311,dis_b
1949,93.2924862569672,11.690641654653206,dis_b
1950,82.75063198732212,1.185387682225919,dis_b
1951,69.72093819096368,41.74736028472019,dis_b
1952,71.43266357349975,48.73452980242757,dis_b
1953,46.17161438131191,6.7729768397345405,dis_b
1954,92.0994521096576,11.573760688264906,dis_b
1955,69.45954272532853,43.4204761973467,dis_b
1956,72.89810616558164,46.32318989780924,dis_b
1957,86.16909037873452,20.981369140340515,dis_b
1958,27.4071589342191,2.5311236134537065,dis_b
1959,80.7070903866703,1.96959168464097,dis_b
1960,19.524060295649203,28.69749330345052,dis_b
1961,34.53419522448878,19.64475544465895,dis_b
1962,33.56104542698427,1.4326213788827258,dis_b
1963,97.85254683891404,29.16261961562784,dis_b
1964,85.65372237479268,0.5651268294511236,dis_b
1965,70.11698615902597,39.368597907463645,dis_b
1966,72.70567616153902,15.321641135168578,dis_b
1967,56.20727944025711,2.012900150461605,dis_b
1968,94.70906671085191,29.417611049157667,dis_b
1969,49.62587528823615,19.88422072165273,dis_b
1970,38.05177098698945,48.69002066785748,dis_b
1971,16.3035336931591,27.20993312518511,dis_b
1972,78.6205652261058,13.761959051850416,dis_b
1973,73.44439320755914,35.47194323169874,dis_b
1974,38.43550385241349,13.574600127135566,dis_b
1975,2.519341395922936,45.212164570378256,dis_b
1976,83.89973277180107,18.73609852536882,dis_b
1977,1.1417983454073632,27.49342813881026,dis_b
1978,70.3699779629051,2.5286551912114428,dis_b
1979,97.02571097260572,21.30606189761154,dis_b
1980,43.766132814820345,41.61817698304975,dis_b
1981,23.497340499595275,40.28244026816709,dis_b
1982,70.48710100433817,11.215927942676313,dis_b
1983,81.71281420155852,11.303953550528137,dis_b
1984,54.64303160778473,40.86526561066184,dis_b
1985,96.70352752561462,46.51992100846628,dis_b
1986,5.166872165796111,4.768046063650178,dis_b
1987,50.479559830452814,22.502931971311263,dis_b
1988,71.845394732255,16.872713948211448,dis_b
1989,86.2640471149179,43.53442277287197,dis_b
1990,17.925561190779003,4.176245734000938,dis_b
1991,80.00034817636814,10.556297127901871,dis_b
1992,55.27070757185453,37.62341687932472,dis_b
1993,39.65536819899632,2.564692449060779,dis_b
1994,13.171502857909356,24.626769035714464,dis_b
1995,86.52957589089124,22.105351733986,dis_b
1996,15.727320817971536,16.720058949437433,dis_b
1997,30.978785920909925,19.728615765946188,dis_b
1998,29.004553196243688,26.49702934651165,dis_b
1999,87.14140341908544,8.068367919419156,dis_b
